Year,Category,Nominee,Additional Info,Won?
2011 (84th),ACTOR IN A LEADING ROLE,Demián Bichir,A Better Life {"Carlos Galindo"},no
2011 (84th),ACTOR IN A LEADING ROLE,George Clooney,The Descendants {"Matt King"},no
2011 (84th),ACTOR IN A LEADING ROLE,Jean Dujardin,The Artist {"George Valentin"},yes
2011 (84th),ACTOR IN A LEADING ROLE,Gary Oldman,Tinker Tailor Soldier Spy {"George Smiley"},no
2011 (84th),ACTOR IN A LEADING ROLE,Brad Pitt,Moneyball {"Billy Beane"},no
2011 (84th),ACTOR IN A SUPPORTING ROLE,Kenneth Branagh,My Week with Marilyn {"Sir Laurence Olivier"},no
2011 (84th),ACTOR IN A SUPPORTING ROLE,Jonah Hill,Moneyball {"Peter Brand"},no
2011 (84th),ACTOR IN A SUPPORTING ROLE,Nick Nolte,Warrior {"Paddy Conlon"},no
2011 (84th),ACTOR IN A SUPPORTING ROLE,Christopher Plummer,Beginners {"Hal"},yes
2011 (84th),ACTOR IN A SUPPORTING ROLE,Max von Sydow,Extremely Loud & Incredibly Close {"The Renter"},no
2011 (84th),ACTRESS IN A LEADING ROLE,Glenn Close,Albert Nobbs {"Albert Nobbs"},no
2011 (84th),ACTRESS IN A LEADING ROLE,Viola Davis,The Help {"Aibileen Clark"},no
2011 (84th),ACTRESS IN A LEADING ROLE,Rooney Mara,The Girl with the Dragon Tattoo {"Lisbeth Salander"},no
2011 (84th),ACTRESS IN A LEADING ROLE,Meryl Streep,The Iron Lady {"Margaret Thatcher"},yes
2011 (84th),ACTRESS IN A LEADING ROLE,Michelle Williams,My Week with Marilyn {"Marilyn Monroe"},no
2011 (84th),ACTRESS IN A SUPPORTING ROLE,Bérénice Bejo,The Artist {"Peppy Miller"},no
2011 (84th),ACTRESS IN A SUPPORTING ROLE,Jessica Chastain,The Help {"Celia Foote"},no
2011 (84th),ACTRESS IN A SUPPORTING ROLE,Melissa McCarthy,Bridesmaids {"Megan"},no
2011 (84th),ACTRESS IN A SUPPORTING ROLE,Janet McTeer,Albert Nobbs {"Hubert Page"},no
2011 (84th),ACTRESS IN A SUPPORTING ROLE,Octavia Spencer,The Help {"Minny Jackson"},yes
2011 (84th),ANIMATED FEATURE FILM,A Cat in Paris,Alain Gagnol and Jean-Loup Felicioli,no
2011 (84th),ANIMATED FEATURE FILM,Chico & Rita,Fernando Trueba and Javier Mariscal,no
2011 (84th),ANIMATED FEATURE FILM,Kung Fu Panda 2,Jennifer Yuh Nelson,no
2011 (84th),ANIMATED FEATURE FILM,Puss in Boots,Chris Miller,no
2011 (84th),ANIMATED FEATURE FILM,Rango,Gore Verbinski,yes
2011 (84th),ART DIRECTION,The Artist,Production Design: Laurence Bennett; Set Decoration: Robert Gould,no
2011 (84th),ART DIRECTION,Harry Potter and the Deathly Hallows Part 2,Production Design: Stuart Craig; Set Decoration: Stephenie McMillan,no
2011 (84th),ART DIRECTION,Hugo,Production Design: Dante Ferretti; Set Decoration: Francesca Lo Schiavo,yes
2011 (84th),ART DIRECTION,Midnight in Paris,Production Design: Anne Seibel; Set Decoration: Hélène Dubreuil,no
2011 (84th),ART DIRECTION,War Horse,Production Design: Rick Carter; Set Decoration: Lee Sandales,no
2011 (84th),CINEMATOGRAPHY,The Artist,Guillaume Schiffman,no
2011 (84th),CINEMATOGRAPHY,The Girl with the Dragon Tattoo,Jeff Cronenweth,no
2011 (84th),CINEMATOGRAPHY,Hugo,Robert Richardson,yes
2011 (84th),CINEMATOGRAPHY,The Tree of Life,Emmanuel Lubezki,no
2011 (84th),CINEMATOGRAPHY,War Horse,Janusz Kaminski,no
2011 (84th),COSTUME DESIGN,Anonymous,Lisy Christl,no
2011 (84th),COSTUME DESIGN,The Artist,Mark Bridges,yes
2011 (84th),COSTUME DESIGN,Hugo,Sandy Powell,no
2011 (84th),COSTUME DESIGN,Jane Eyre,Michael O'Connor,no
2011 (84th),COSTUME DESIGN,W.E.,Arianne Phillips,no
2011 (84th),DIRECTING,The Artist,Michel Hazanavicius,yes
2011 (84th),DIRECTING,The Descendants,Alexander Payne,no
2011 (84th),DIRECTING,Hugo,Martin Scorsese,no
2011 (84th),DIRECTING,Midnight in Paris,Woody Allen,no
2011 (84th),DIRECTING,The Tree of Life,Terrence Malick,no
2011 (84th),DOCUMENTARY (Feature),Hell and Back Again,Danfung Dennis and Mike Lerner,no
2011 (84th),DOCUMENTARY (Feature),If a Tree Falls: A Story of the Earth Liberation Front,Marshall Curry and Sam Cullman,no
2011 (84th),DOCUMENTARY (Feature),Paradise Lost 3: Purgatory,Joe Berlinger and Bruce Sinofsky,no
2011 (84th),DOCUMENTARY (Feature),Pina,Wim Wenders and Gian-Piero Ringel,no
2011 (84th),DOCUMENTARY (Feature),Undefeated,TJ Martin; Dan Lindsay and Rich Middlemas,yes
2011 (84th),DOCUMENTARY (Short Subject),The Barber of Birmingham: Foot Soldier of the Civil Rights Movement,Robin Fryday and Gail Dolgin,no
2011 (84th),DOCUMENTARY (Short Subject),God Is the Bigger Elvis,Rebecca Cammisa and Julie Anderson,no
2011 (84th),DOCUMENTARY (Short Subject),Incident in New Baghdad,James Spione,no
2011 (84th),DOCUMENTARY (Short Subject),Saving Face,Daniel Junge and Sharmeen Obaid-Chinoy,yes
2011 (84th),DOCUMENTARY (Short Subject),The Tsunami and the Cherry Blossom,Lucy Walker and Kira Carstensen,no
2011 (84th),FILM EDITING,The Artist,Anne-Sophie Bion and Michel Hazanavicius,no
2011 (84th),FILM EDITING,The Descendants,Kevin Tent,no
2011 (84th),FILM EDITING,The Girl with the Dragon Tattoo,Kirk Baxter and Angus Wall,yes
2011 (84th),FILM EDITING,Hugo,Thelma Schoonmaker,no
2011 (84th),FILM EDITING,Moneyball,Christopher Tellefsen,no
2011 (84th),FOREIGN LANGUAGE FILM,Bullhead,Belgium,no
2011 (84th),FOREIGN LANGUAGE FILM,Footnote,Israel,no
2011 (84th),FOREIGN LANGUAGE FILM,In Darkness,Poland,no
2011 (84th),FOREIGN LANGUAGE FILM,Monsieur Lazhar,Canada,no
2011 (84th),FOREIGN LANGUAGE FILM,A Separation,Iran,yes
2011 (84th),MAKEUP,Albert Nobbs,Martial Corneville; Lynn Johnston and Matthew W. Mungle,no
2011 (84th),MAKEUP,Harry Potter and the Deathly Hallows Part 2,Nick Dudman; Amanda Knight and Lisa Tomblin,no
2011 (84th),MAKEUP,The Iron Lady,Mark Coulier and J. Roy Helland,yes
2011 (84th),MUSIC (Original Score),The Adventures of Tintin,John Williams,no
2011 (84th),MUSIC (Original Score),The Artist,Ludovic Bource,yes
2011 (84th),MUSIC (Original Score),Hugo,Howard Shore,no
2011 (84th),MUSIC (Original Score),Tinker Tailor Soldier Spy,Alberto Iglesias,no
2011 (84th),MUSIC (Original Score),War Horse,John Williams,no
2011 (84th),MUSIC (Original Song),"Man Or Muppet" from The Muppets,Music and Lyric by Bret McKenzie,yes
2011 (84th),MUSIC (Original Song),"Real In Rio" from Rio,Music by Sergio Mendes and Carlinhos Brown; Lyric by Siedah Garrett,no
2011 (84th),BEST PICTURE,The Artist,Thomas Langmann; Producer,yes
2011 (84th),BEST PICTURE,The Descendants,Jim Burke; Alexander Payne and Jim Taylor; Producers,no
2011 (84th),BEST PICTURE,Extremely Loud & Incredibly Close,Scott Rudin; Producer,no
2011 (84th),BEST PICTURE,The Help,Brunson Green; Chris Columbus and Michael Barnathan; Producers,no
2011 (84th),BEST PICTURE,Hugo,Graham King and Martin Scorsese; Producers,no
2011 (84th),BEST PICTURE,Midnight in Paris,Letty Aronson and Stephen Tenenbaum; Producers,no
2011 (84th),BEST PICTURE,Moneyball,Michael De Luca; Rachael Horovitz and Brad Pitt; Producers,no
2011 (84th),BEST PICTURE,The Tree of Life,Sarah Green; Bill Pohlad; Dede Gardner and Grant Hill; Producers,no
2011 (84th),BEST PICTURE,War Horse,Steven Spielberg and Kathleen Kennedy; Producers,no
2011 (84th),SHORT FILM (Animated),Dimanche/Sunday,Patrick Doyon,no
2011 (84th),SHORT FILM (Animated),The Fantastic Flying Books of Mr. Morris Lessmore,William Joyce and Brandon Oldenburg,yes
2011 (84th),SHORT FILM (Animated),La Luna,Enrico Casarosa,no
2011 (84th),SHORT FILM (Animated),A Morning Stroll,Grant Orchard and Sue Goffe,no
2011 (84th),SHORT FILM (Animated),Wild Life,Amanda Forbis and Wendy Tilby,no
2011 (84th),SHORT FILM (Live Action),Pentecost,Peter McDonald and Eimear O'Kane,no
2011 (84th),SHORT FILM (Live Action),Raju,Max Zähle and Stefan Gieren,no
2011 (84th),SHORT FILM (Live Action),The Shore,Terry George and Oorlagh George,yes
2011 (84th),SHORT FILM (Live Action),Time Freak,Andrew Bowler and Gigi Causey,no
2011 (84th),SHORT FILM (Live Action),Tuba Atlantic,Hallvar Witzø,no
2011 (84th),SHORT FILM (Live Action),[NOTE: THIS IS NOT AN OFFICIAL NOMINATION. After the awards ceremony on February 26; 2012; the Academy was made aware that Tuba Atlantic had been shown on Norwegian television in 2010; making the film ineligible for the 84th Awards under the rules governing the category. In July 2012; the nomination was rescinded by the Board of Governors.],NA,no
2011 (84th),SOUND EDITING,Drive,Lon Bender and Victor Ray Ennis,no
2011 (84th),SOUND EDITING,The Girl with the Dragon Tattoo,Ren Klyce,no
2011 (84th),SOUND EDITING,Hugo,Philip Stockton and Eugene Gearty,yes
2011 (84th),SOUND EDITING,Transformers: Dark of the Moon,Ethan Van der Ryn and Erik Aadahl,no
2011 (84th),SOUND EDITING,War Horse,Richard Hymns and Gary Rydstrom,no
2011 (84th),SOUND MIXING,The Girl with the Dragon Tattoo,David Parker; Michael Semanick; Ren Klyce and Bo Persson,no
2011 (84th),SOUND MIXING,Hugo,Tom Fleischman and John Midgley,yes
2011 (84th),SOUND MIXING,Moneyball,Deb Adair; Ron Bochar; David Giammarco and Ed Novick,no
2011 (84th),SOUND MIXING,Transformers: Dark of the Moon,Greg P. Russell; Gary Summers; Jeffrey J. Haboush and Peter J. Devlin,no
2011 (84th),SOUND MIXING,War Horse,Gary Rydstrom; Andy Nelson; Tom Johnson and Stuart Wilson,no
2011 (84th),VISUAL EFFECTS,Harry Potter and the Deathly Hallows Part 2,Tim Burke; David Vickery; Greg Butler and John Richardson,no
2011 (84th),VISUAL EFFECTS,Hugo,Rob Legato; Joss Williams; Ben Grossmann and Alex Henning,yes
2011 (84th),VISUAL EFFECTS,Real Steel,Erik Nash; John Rosengrant; Dan Taylor and Swen Gillberg,no
2011 (84th),VISUAL EFFECTS,Rise of the Planet of the Apes,Joe Letteri; Dan Lemmon; R. Christopher White and Daniel Barrett,no
2011 (84th),VISUAL EFFECTS,Transformers: Dark of the Moon,Scott Farrar; Scott Benza; Matthew Butler and John Frazier,no
2011 (84th),WRITING (Adapted Screenplay),The Descendants,Screenplay by Alexander Payne and Nat Faxon & Jim Rash,yes
2011 (84th),WRITING (Adapted Screenplay),Hugo,Screenplay by John Logan,no
2011 (84th),WRITING (Adapted Screenplay),The Ides of March,Screenplay by George Clooney & Grant Heslov and Beau Willimon,no
2011 (84th),WRITING (Adapted Screenplay),Moneyball,Screenplay by Steven Zaillian and Aaron Sorkin; Story by Stan Chervin,no
2011 (84th),WRITING (Adapted Screenplay),Tinker Tailor Soldier Spy,Screenplay by Bridget O'Connor & Peter Straughan,no
2011 (84th),WRITING (Original Screenplay),The Artist,Written by Michel Hazanavicius,no
2011 (84th),WRITING (Original Screenplay),Bridesmaids,Written by Annie Mumolo & Kristen Wiig,no
2011 (84th),WRITING (Original Screenplay),Margin Call,Written by J.C. Chandor,no
2011 (84th),WRITING (Original Screenplay),Midnight in Paris,Written by Woody Allen,yes
2011 (84th),WRITING (Original Screenplay),A Separation,Written by Asghar Farhadi,no
2011 (84th),JEAN HERSHOLT HUMANITARIAN AWARD,Oprah Winfrey,NA,yes
2011 (84th),HONORARY AWARD,To James Earl Jones for his legacy of consistent excellence and uncommon versatility.,NA,yes
2011 (84th),HONORARY AWARD,To Dick Smith for his unparalleled mastery of texture; shade; form and illusion.,NA,yes
2011 (84th),GORDON E. SAWYER AWARD,Douglas Trumbull,NA,yes
2011 (84th),SCIENTIFIC AND TECHNICAL AWARD (Academy Award of Merit),To FRANZ KRAUS; JOHANNES STEURER and WOLFGANG RIEDEL for the design and development of the ARRILASER Film Recorder. The ARRILASER film recorder demonstrates a high level of engineering resulting in a compact; user-friendly; low-maintenance device; while at the same time maintaining outstanding speed; exposure ratings and image quality. [Special Photographic],NA,yes
2011 (84th),SCIENTIFIC AND TECHNICAL AWARD (Scientific and Engineering Award),To RADU CORLAN; ANDY JANTZEN; PETRU POP and RICHARD F. TOFTNESS for the design and engineering of the Phantom family of high-speed cameras for motion picture production. The Phantom family of high-speed digital cameras; including the Phantom Flex and HD Gold; provide imagery at speeds and efficacy surpassing photochemical technology; while seamlessly intercutting with conventional film production. [Camera],NA,yes
2011 (84th),SCIENTIFIC AND TECHNICAL AWARD (Scientific and Engineering Award),To DR. JÜRGEN NOFFKE for the optical design and UWE WEBER for the mechanical design of the ARRI Zeiss Master Prime Lenses for motion picture photography. The Master Primes have achieved a full stop advance in speed over existing lenses; while maintaining state-of-the-art optical quality. This lens family was also the first to eliminate the magnification change that accompanied extreme focus shifts. [Lenses and Filters],NA,yes
2011 (84th),SCIENTIFIC AND TECHNICAL AWARD (Scientific and Engineering Award),To MICHAEL LEWIS; GREG MARSDEN; RAIGO ALAS and MICHAEL VELLEKOOP for the concept; design and implementation of the Pictorvision Eclipse; an electronically stabilized aerial camera platform. The Pictorvision Eclipse system allows cinematographers to capture aerial footage at faster flying speeds with aggressive platform maneuvering. [Camera Cranes],NA,yes
2011 (84th),SCIENTIFIC AND TECHNICAL AWARD (Scientific and Engineering Award),To E.F. "BOB" NETTMANN for the concept and system architecture; MICHAEL SAYOVITZ for the electronic packaging and integration; BRAD FRITZEL for the electronic engineering; and FRED MILLER for the mechanical engineering of the Stab-C Classic; Super-G and Stab-C Compact stabilizing heads. This versatile family of 5-axis camera and lens stabilizers allows any standard motion picture camera to be fitted into the open architecture of the structure. The system can be quickly balanced and made ready for shooting platforms such as helicopters; boats; camera cars or cranes. [Camera Cranes],NA,yes
2011 (84th),SCIENTIFIC AND TECHNICAL AWARD (Scientific and Engineering Award),To JOHN D. LOWRY; IAN CAVÉN; IAN GODIN; KIMBALL THURSTON and TIM CONNOLLY for the development of a unique and efficient system for the reduction of noise and other artifacts; thereby providing high-quality images required by the filmmaking process. The "Lowry Process" uses advanced GPU-accelerated; motion estimation-based image processing tools to enhance image quality. [Laboratory],NA,yes
2011 (84th),SCIENTIFIC AND TECHNICAL AWARD (Scientific and Engineering Award),To FUJIFILM CORPORATION; HIDEYUKI SHIRAI; DR. KATSUHISA OOZEKI and HIROSHI HIRANO for the design and development of the FUJIFILM black and white recording film ETERNA-RDS 4791 for use in the archival preservation of film and digital images. Specifically designed for laser film recording and widely used in the industry today; the high-resolution FUJIFILM ETERNA-RDS 4791 film stock is an important step in protecting the heritage of the motion picture industry. [Film],NA,yes
2011 (84th),SCIENTIFIC AND TECHNICAL AWARD (Technical Achievement Award),To ANDREW CLINTON and MARK ELENDT for the invention and integration of micro-voxels in the Mantra software. This work allowed; for the first time; unified and efficient rendering of volumetric effects such as smoke and clouds; together with other computer graphics objects; in a micro-polygon imaging pipeline. [Digital Imaging Technology],NA,yes
2011 (84th),JOHN A. BONNER MEDAL OF COMMENDATION,To Jonathan Erland in appreciation for outstanding service and dedication in upholding the high standards of the Academy of Motion Picture Arts and Sciences.,NA,yes
2012 (85th),ACTOR IN A LEADING ROLE,Bradley Cooper,Silver Linings Playbook {"Pat"},no
2012 (85th),ACTOR IN A LEADING ROLE,Daniel Day-Lewis,Lincoln {"Abraham Lincoln"},yes
2012 (85th),ACTOR IN A LEADING ROLE,Hugh Jackman,Les Misérables {"Jean Valjean"},no
2012 (85th),ACTOR IN A LEADING ROLE,Joaquin Phoenix,The Master {"Freddie Quell"},no
2012 (85th),ACTOR IN A LEADING ROLE,Denzel Washington,Flight {"Whip Whitaker"},no
2012 (85th),ACTOR IN A SUPPORTING ROLE,Alan Arkin,Argo {"Lester Siegel"},no
2012 (85th),ACTOR IN A SUPPORTING ROLE,Robert De Niro,Silver Linings Playbook {"Pat Sr."},no
2012 (85th),ACTOR IN A SUPPORTING ROLE,Philip Seymour Hoffman,The Master {"Lancaster Dodd"},no
2012 (85th),ACTOR IN A SUPPORTING ROLE,Tommy Lee Jones,Lincoln {"Thaddeus Stevens"},no
2012 (85th),ACTOR IN A SUPPORTING ROLE,Christoph Waltz,Django Unchained {"Dr. King Schultz"},yes
2012 (85th),ACTRESS IN A LEADING ROLE,Jessica Chastain,Zero Dark Thirty {"Maya"},no
2012 (85th),ACTRESS IN A LEADING ROLE,Jennifer Lawrence,Silver Linings Playbook {"Tiffany"},yes
2012 (85th),ACTRESS IN A LEADING ROLE,Emmanuelle Riva,Amour {"Anne"},no
2012 (85th),ACTRESS IN A LEADING ROLE,Quvenzhané Wallis,Beasts of the Southern Wild {"Hushpuppy"},no
2012 (85th),ACTRESS IN A LEADING ROLE,Naomi Watts,The Impossible {"Maria"},no
2012 (85th),ACTRESS IN A SUPPORTING ROLE,Amy Adams,The Master {"Peggy Dodd"},no
2012 (85th),ACTRESS IN A SUPPORTING ROLE,Sally Field,Lincoln {"Mary Todd Lincoln"},no
2012 (85th),ACTRESS IN A SUPPORTING ROLE,Anne Hathaway,Les Misérables {"Fantine"},yes
2012 (85th),ACTRESS IN A SUPPORTING ROLE,Helen Hunt,The Sessions {"Cheryl"},no
2012 (85th),ACTRESS IN A SUPPORTING ROLE,Jacki Weaver,Silver Linings Playbook {"Dolores"},no
2012 (85th),ANIMATED FEATURE FILM,Brave,Mark Andrews and Brenda Chapman,yes
2012 (85th),ANIMATED FEATURE FILM,Frankenweenie,Tim Burton,no
2012 (85th),ANIMATED FEATURE FILM,ParaNorman,Sam Fell and Chris Butler,no
2012 (85th),ANIMATED FEATURE FILM,The Pirates! Band of Misfits,Peter Lord,no
2012 (85th),ANIMATED FEATURE FILM,Wreck-It Ralph,Rich Moore,no
2012 (85th),CINEMATOGRAPHY,Anna Karenina,Seamus McGarvey,no
2012 (85th),CINEMATOGRAPHY,Django Unchained,Robert Richardson,no
2012 (85th),CINEMATOGRAPHY,Life of Pi,Claudio Miranda,yes
2012 (85th),CINEMATOGRAPHY,Lincoln,Janusz Kaminski,no
2012 (85th),CINEMATOGRAPHY,Skyfall,Roger Deakins,no
2012 (85th),COSTUME DESIGN,Anna Karenina,Jacqueline Durran,yes
2012 (85th),COSTUME DESIGN,Les Misérables,Paco Delgado,no
2012 (85th),COSTUME DESIGN,Lincoln,Joanna Johnston,no
2012 (85th),COSTUME DESIGN,Mirror Mirror,Eiko Ishioka,no
2012 (85th),COSTUME DESIGN,Snow White and the Huntsman,Colleen Atwood,no
2012 (85th),DIRECTING,Amour,Michael Haneke,no
2012 (85th),DIRECTING,Beasts of the Southern Wild,Benh Zeitlin,no
2012 (85th),DIRECTING,Life of Pi,Ang Lee,yes
2012 (85th),DIRECTING,Lincoln,Steven Spielberg,no
2012 (85th),DIRECTING,Silver Linings Playbook,David O. Russell,no
2012 (85th),DOCUMENTARY (Feature),5 Broken Cameras,Emad Burnat and Guy Davidi,no
2012 (85th),DOCUMENTARY (Feature),The Gatekeepers,Dror Moreh; Philippa Kowarsky and Estelle Fialon,no
2012 (85th),DOCUMENTARY (Feature),How to Survive a Plague,David France and Howard Gertler,no
2012 (85th),DOCUMENTARY (Feature),The Invisible War,Kirby Dick and Amy Ziering,no
2012 (85th),DOCUMENTARY (Feature),Searching for Sugar Man,Malik Bendjelloul and Simon Chinn,yes
2012 (85th),DOCUMENTARY (Short Subject),Inocente,Sean Fine and Andrea Nix Fine,yes
2012 (85th),DOCUMENTARY (Short Subject),Kings Point,Sari Gilman and Jedd Wider,no
2012 (85th),DOCUMENTARY (Short Subject),Mondays at Racine,Cynthia Wade and Robin Honan,no
2012 (85th),DOCUMENTARY (Short Subject),Open Heart,Kief Davidson and Cori Shepherd Stern,no
2012 (85th),DOCUMENTARY (Short Subject),Redemption,Jon Alpert and Matthew O'Neill,no
2012 (85th),FILM EDITING,Argo,William Goldenberg,yes
2012 (85th),FILM EDITING,Life of Pi,Tim Squyres,no
2012 (85th),FILM EDITING,Lincoln,Michael Kahn,no
2012 (85th),FILM EDITING,Silver Linings Playbook,Jay Cassidy and Crispin Struthers,no
2012 (85th),FILM EDITING,Zero Dark Thirty,Dylan Tichenor and William Goldenberg,no
2012 (85th),FOREIGN LANGUAGE FILM,Amour,Austria,yes
2012 (85th),FOREIGN LANGUAGE FILM,Kon-Tiki,Norway,no
2012 (85th),FOREIGN LANGUAGE FILM,No,Chile,no
2012 (85th),FOREIGN LANGUAGE FILM,A Royal Affair,Denmark,no
2012 (85th),FOREIGN LANGUAGE FILM,War Witch,Canada,no
2012 (85th),MAKEUP AND HAIRSTYLING,Hitchcock,Howard Berger; Peter Montagna and Martin Samuel,no
2012 (85th),MAKEUP AND HAIRSTYLING,The Hobbit: An Unexpected Journey,Peter Swords King; Rick Findlater and Tami Lane,no
2012 (85th),MAKEUP AND HAIRSTYLING,Les Misérables,Lisa Westcott and Julie Dartnell,yes
2012 (85th),MUSIC (Original Score),Anna Karenina,Dario Marianelli,no
2012 (85th),MUSIC (Original Score),Argo,Alexandre Desplat,no
2012 (85th),MUSIC (Original Score),Life of Pi,Mychael Danna,yes
2012 (85th),MUSIC (Original Score),Lincoln,John Williams,no
2012 (85th),MUSIC (Original Score),Skyfall,Thomas Newman,no
2012 (85th),MUSIC (Original Song),"Before My Time" from Chasing Ice,Music and Lyric by J. Ralph,no
2012 (85th),MUSIC (Original Song),"Everybody Needs A Best Friend" from Ted,Music by Walter Murphy; Lyric by Seth MacFarlane,no
2012 (85th),MUSIC (Original Song),"Pi's Lullaby" from Life of Pi,Music by Mychael Danna; Lyric by Bombay Jayashri,no
2012 (85th),MUSIC (Original Song),"Skyfall" from Skyfall,Music and Lyric by Adele Adkins and Paul Epworth,yes
2012 (85th),MUSIC (Original Song),"Suddenly" from Les Misérables,Music by Claude-Michel Schönberg; Lyric by Herbert Kretzmer and Alain Boublil,no
2012 (85th),BEST PICTURE,Amour,Margaret Menegoz; Stefan Arndt; Veit Heiduschka and Michael Katz; Producers,no
2012 (85th),BEST PICTURE,Argo,Grant Heslov; Ben Affleck and George Clooney; Producers,yes
2012 (85th),BEST PICTURE,Beasts of the Southern Wild,Dan Janvey; Josh Penn and Michael Gottwald; Producers,no
2012 (85th),BEST PICTURE,Django Unchained,Stacey Sher; Reginald Hudlin and Pilar Savone; Producers,no
2012 (85th),BEST PICTURE,Les Misérables,Tim Bevan; Eric Fellner; Debra Hayward and Cameron Mackintosh; Producers,no
2012 (85th),BEST PICTURE,Life of Pi,Gil Netter; Ang Lee and David Womark; Producers,no
2012 (85th),BEST PICTURE,Lincoln,Steven Spielberg and Kathleen Kennedy; Producers,no
2012 (85th),BEST PICTURE,Silver Linings Playbook,Donna Gigliotti; Bruce Cohen and Jonathan Gordon; Producers,no
2012 (85th),BEST PICTURE,Zero Dark Thirty,Mark Boal; Kathryn Bigelow and Megan Ellison; Producers,no
2012 (85th),PRODUCTION DESIGN,Anna Karenina,Production Design: Sarah Greenwood; Set Decoration: Katie Spencer,no
2012 (85th),PRODUCTION DESIGN,The Hobbit: An Unexpected Journey,Production Design: Dan Hennah; Set Decoration: Ra Vincent and Simon Bright,no
2012 (85th),PRODUCTION DESIGN,Les Misérables,Production Design: Eve Stewart; Set Decoration: Anna Lynch-Robinson,no
2012 (85th),PRODUCTION DESIGN,Life of Pi,Production Design: David Gropman; Set Decoration: Anna Pinnock,no
2012 (85th),PRODUCTION DESIGN,Lincoln,Production Design: Rick Carter; Set Decoration: Jim Erickson,yes
2012 (85th),SHORT FILM (Animated),Adam and Dog,Minkyu Lee,no
2012 (85th),SHORT FILM (Animated),Fresh Guacamole,PES,no
2012 (85th),SHORT FILM (Animated),Head over Heels,Timothy Reckart and Fodhla Cronin O'Reilly,no
2012 (85th),SHORT FILM (Animated),Maggie Simpson in "The Longest Daycare",David Silverman,no
2012 (85th),SHORT FILM (Animated),Paperman,John Kahrs,yes
2012 (85th),SHORT FILM (Live Action),Asad,Bryan Buckley and Mino Jarjoura,no
2012 (85th),SHORT FILM (Live Action),Buzkashi Boys,Sam French and Ariel Nasr,no
2012 (85th),SHORT FILM (Live Action),Curfew,Shawn Christensen,yes
2012 (85th),SHORT FILM (Live Action),Death of a Shadow (Dood van een Schaduw),Tom Van Avermaet and Ellen De Waele,no
2012 (85th),SHORT FILM (Live Action),Henry,Yan England,no
2012 (85th),SOUND EDITING,Argo,Erik Aadahl and Ethan Van der Ryn,no
2012 (85th),SOUND EDITING,Django Unchained,Wylie Stateman,no
2012 (85th),SOUND EDITING,Life of Pi,Eugene Gearty and Philip Stockton,no
2012 (85th),SOUND EDITING,Skyfall,Per Hallberg and Karen Baker Landers,yes
2012 (85th),SOUND EDITING,[NOTE: A tie. The other winning film in this category was Zero Dark Thirty.],NA,no
2012 (85th),SOUND EDITING,Zero Dark Thirty,Paul N.J. Ottosson,yes
2012 (85th),SOUND EDITING,[NOTE: A tie. The other winning film in this category was Skyfall.],NA,no
2012 (85th),SOUND MIXING,Argo,John Reitz; Gregg Rudloff and Jose Antonio Garcia,no
2012 (85th),SOUND MIXING,Les Misérables,Andy Nelson; Mark Paterson and Simon Hayes,yes
2012 (85th),SOUND MIXING,Life of Pi,Ron Bartlett; D.M. Hemphill and Drew Kunin,no
2012 (85th),SOUND MIXING,Lincoln,Andy Nelson; Gary Rydstrom and Ronald Judkins,no
2012 (85th),SOUND MIXING,Skyfall,Scott Millan; Greg P. Russell and Stuart Wilson,no
2012 (85th),VISUAL EFFECTS,The Hobbit: An Unexpected Journey,Joe Letteri; Eric Saindon; David Clayton and R. Christopher White,no
2012 (85th),VISUAL EFFECTS,Life of Pi,Bill Westenhofer; Guillaume Rocheron; Erik-Jan De Boer and Donald R. Elliott,yes
2012 (85th),VISUAL EFFECTS,Marvel's The Avengers,Janek Sirrs; Jeff White; Guy Williams and Dan Sudick,no
2012 (85th),VISUAL EFFECTS,Prometheus,Richard Stammers; Trevor Wood; Charley Henley and Martin Hill,no
2012 (85th),VISUAL EFFECTS,Snow White and the Huntsman,Cedric Nicolas-Troyan; Philip Brennan; Neil Corbould and Michael Dawson,no
2012 (85th),WRITING (Adapted Screenplay),Argo,Screenplay by Chris Terrio,yes
2012 (85th),WRITING (Adapted Screenplay),Beasts of the Southern Wild,Screenplay by Lucy Alibar & Benh Zeitlin,no
2012 (85th),WRITING (Adapted Screenplay),Life of Pi,Screenplay by David Magee,no
2012 (85th),WRITING (Adapted Screenplay),Lincoln,Screenplay by Tony Kushner,no
2012 (85th),WRITING (Adapted Screenplay),Silver Linings Playbook,Screenplay by David O. Russell,no
2012 (85th),WRITING (Original Screenplay),Amour,Written by Michael Haneke,no
2012 (85th),WRITING (Original Screenplay),Django Unchained,Written by Quentin Tarantino,yes
2012 (85th),WRITING (Original Screenplay),Flight,Written by John Gatins,no
2012 (85th),WRITING (Original Screenplay),Moonrise Kingdom,Written by Wes Anderson & Roman Coppola,no
2012 (85th),WRITING (Original Screenplay),Zero Dark Thirty,Written by Mark Boal,no
2012 (85th),JEAN HERSHOLT HUMANITARIAN AWARD,Jeffrey Katzenberg,NA,yes
2012 (85th),HONORARY AWARD,To Hal Needham; an innovator; mentor; and master technician who elevated his craft to an art and made the impossible look easy.,NA,yes
2012 (85th),HONORARY AWARD,To D.A. Pennebaker; who redefined the language of film and taught a generation of filmmakers to look to reality for inspiration.,NA,yes
2012 (85th),HONORARY AWARD,To George Stevens; Jr.; a tireless champion of the arts in America and especially that most American of arts: the Hollywood film.,NA,yes
2012 (85th),SCIENTIFIC AND TECHNICAL AWARD (Academy Award of Merit),To COOKE OPTICS LIMITED for their continuing innovation in the design; development and manufacture of advanced camera lenses that have helped define the look of motion pictures over the last century. Since their first series of motion picture lenses; Cooke Optics has continued to create optical innovations decade after decade. Producing what is commonly referred to as the "Cooke Look;" these lenses have often been the lens of choice for creative cinematographers worldwide. [Lenses and Filters],NA,yes
2012 (85th),SCIENTIFIC AND TECHNICAL AWARD (Scientific and Engineering Award),To SIMON CLUTTERBUCK; JAMES JACOBS and DR. RICHARD DORLING for the development of the Tissue Physically-Based Character Simulation Framework. This framework faithfully and robustly simulates the effects of anatomical structures underlying a character's skin. The resulting dynamic and secondary motions provide a new level of realism to computer-generated creatures. [Digital Imaging Technology],NA,yes
2012 (85th),SCIENTIFIC AND TECHNICAL AWARD (Scientific and Engineering Award),To DR. PHILIP McLAUCHLAN; ALLAN JAENICKE; JOHN-PAUL SMITH and ROSS SHAIN for the creation of the Mocha planar tracking and rotoscoping software at Imagineer Systems Ltd. Mocha provides robust planar-tracking even when there are no clearly defined points in the image. Its effectiveness; ease of use; and ability to exchange rotoscoping data with other image processing tools have resulted in widespread adoption of the software in the visual effects industry. [Digital Imaging Technology],NA,yes
2012 (85th),SCIENTIFIC AND TECHNICAL AWARD (Scientific and Engineering Award),To JOE MURTHA; WILLIAM FREDERICK and JIM MARKLAND of Anton/Bauer; Inc. for the design and creation of the CINE VCLX Portable Power System. The CINE VCLX provides extended run-times and flexibility; allowing users to power cameras and other supplementary equipment required for production. This high-capacity battery system is also matched to the high-demand; always-on digital cinema cameras. [Systems],NA,yes
2012 (85th),SCIENTIFIC AND TECHNICAL AWARD (Technical Achievement Award),To J.P. LEWIS; MATT CORDNER and NICKSON FONG for the invention and publication of the Pose Space Deformation technique. Pose Space Deformation (PSD) introduced the use of novel sparse data interpolation techniques to the task of shape interpolation. The controllability and ease of achieving artistic intent have led to PSD being a foundational technique in the creation of computer-generated characters. [Digital Imaging Technology],NA,yes
2012 (85th),SCIENTIFIC AND TECHNICAL AWARD (Technical Achievement Award),To LAWRENCE KESTELOOT; DREW OLBRICH and DANIEL WEXLER for the creation of the Light system for computer graphics lighting at PDI/DreamWorks. Virtually unchanged from its original incarnation over 15 years ago; Light is still in continuous use due to its emphasis on interactive responsiveness; final-quality interactive render preview; scalable architecture and powerful user-configurable spreadsheet interface. [Digital Imaging Technology],NA,yes
2012 (85th),SCIENTIFIC AND TECHNICAL AWARD (Technical Achievement Award),To STEVE LaVIETES; BRIAN HALL and JEREMY SELAN for the creation of the Katana computer graphics scene management and lighting software at Sony Pictures Imageworks. Katana's unique design; featuring a deferred evaluation procedural node-graph; provides a highly efficient lighting and rendering workflow. It allows artists to non-destructively edit scenes too complex to fit into computer memory; at scales ranging from a single object up to an entire detailed city. [Digital Imaging Technology],NA,yes
2012 (85th),SCIENTIFIC AND TECHNICAL AWARD (Technical Achievement Award),To THEODORE KIM; NILS THUEREY; DR. MARKUS GROSS and DOUG JAMES for the invention; publication and dissemination of Wavelet Turbulence software. This technique allowed for fast; art-directable creation of highly detailed gas simulation; making it easier for the artist to control the appearance of these effects in the final image. [Digital Imaging Technology],NA,yes
2012 (85th),SCIENTIFIC AND TECHNICAL AWARD (Technical Achievement Award),To RICHARD MALL for the design and development of the Matthews Max Menace Arm. Highly sophisticated and well-engineered; the Max Menace Arm is a safe and adjustable device that allows rapid; precise positioning of lighting fixtures; cameras or accessories. On-set or on location; this compact and highly portable structure is often used where access is limited due to restrictions on attaching equipment to existing surfaces. [Stage Operations],NA,yes
2012 (85th),JOHN A. BONNER MEDAL OF COMMENDATION,To Bill Taylor in appreciation for outstanding service and dedication in upholding the high standards of the Academy of Motion Picture Arts and Sciences.,NA,yes
2013 (86th),ACTOR IN A LEADING ROLE,Christian Bale,American Hustle {"Irving Rosenfeld"},no
2013 (86th),ACTOR IN A LEADING ROLE,Bruce Dern,Nebraska {"Woody Grant"},no
2013 (86th),ACTOR IN A LEADING ROLE,Leonardo DiCaprio,The Wolf of Wall Street {"Jordan Belfort"},no
2013 (86th),ACTOR IN A LEADING ROLE,Chiwetel Ejiofor,12 Years a Slave {"Solomon Northup"},no
2013 (86th),ACTOR IN A LEADING ROLE,Matthew McConaughey,Dallas Buyers Club {"Ron Woodroof"},yes
2013 (86th),ACTOR IN A SUPPORTING ROLE,Barkhad Abdi,Captain Phillips {"Muse"},no
2013 (86th),ACTOR IN A SUPPORTING ROLE,Bradley Cooper,American Hustle {"Richie DiMaso"},no
2013 (86th),ACTOR IN A SUPPORTING ROLE,Michael Fassbender,12 Years a Slave {"Edwin Epps"},no
2013 (86th),ACTOR IN A SUPPORTING ROLE,Jonah Hill,The Wolf of Wall Street {"Donnie Azoff"},no
2013 (86th),ACTOR IN A SUPPORTING ROLE,Jared Leto,Dallas Buyers Club {"Rayon"},yes
2013 (86th),ACTRESS IN A LEADING ROLE,Amy Adams,American Hustle {"Sydney Prosser"},no
2013 (86th),ACTRESS IN A LEADING ROLE,Cate Blanchett,Blue Jasmine {"Jasmine"},yes
2013 (86th),ACTRESS IN A LEADING ROLE,Sandra Bullock,Gravity {"Ryan Stone"},no
2013 (86th),ACTRESS IN A LEADING ROLE,Judi Dench,Philomena {"Philomena"},no
2013 (86th),ACTRESS IN A LEADING ROLE,Meryl Streep,August: Osage County {"Violet Weston"},no
2013 (86th),ACTRESS IN A SUPPORTING ROLE,Sally Hawkins,Blue Jasmine {"Ginger"},no
2013 (86th),ACTRESS IN A SUPPORTING ROLE,Jennifer Lawrence,American Hustle {"Rosalyn Rosenfeld"},no
2013 (86th),ACTRESS IN A SUPPORTING ROLE,Lupita Nyong'o,12 Years a Slave {"Patsey"},yes
2013 (86th),ACTRESS IN A SUPPORTING ROLE,Julia Roberts,August: Osage County {"Barbara Weston"},no
2013 (86th),ACTRESS IN A SUPPORTING ROLE,June Squibb,Nebraska {"Kate Grant"},no
2013 (86th),ANIMATED FEATURE FILM,The Croods,Chris Sanders; Kirk DeMicco and Kristine Belson,no
2013 (86th),ANIMATED FEATURE FILM,Despicable Me 2,Chris Renaud; Pierre Coffin and Chris Meledandri,no
2013 (86th),ANIMATED FEATURE FILM,Ernest & Celestine,Benjamin Renner and Didier Brunner,no
2013 (86th),ANIMATED FEATURE FILM,Frozen,Chris Buck; Jennifer Lee and Peter Del Vecho,yes
2013 (86th),ANIMATED FEATURE FILM,The Wind Rises,Hayao Miyazaki and Toshio Suzuki,no
2013 (86th),CINEMATOGRAPHY,The Grandmaster,Philippe Le Sourd,no
2013 (86th),CINEMATOGRAPHY,Gravity,Emmanuel Lubezki,yes
2013 (86th),CINEMATOGRAPHY,Inside Llewyn Davis,Bruno Delbonnel,no
2013 (86th),CINEMATOGRAPHY,Nebraska,Phedon Papamichael,no
2013 (86th),CINEMATOGRAPHY,Prisoners,Roger A. Deakins,no
2013 (86th),COSTUME DESIGN,American Hustle,Michael Wilkinson,no
2013 (86th),COSTUME DESIGN,The Grandmaster,William Chang Suk Ping,no
2013 (86th),COSTUME DESIGN,The Great Gatsby,Catherine Martin,yes
2013 (86th),COSTUME DESIGN,The Invisible Woman,Michael O'Connor,no
2013 (86th),COSTUME DESIGN,12 Years a Slave,Patricia Norris,no
2013 (86th),DIRECTING,American Hustle,David O. Russell,no
2013 (86th),DIRECTING,Gravity,Alfonso Cuarón,yes
2013 (86th),DIRECTING,Nebraska,Alexander Payne,no
2013 (86th),DIRECTING,12 Years a Slave,Steve McQueen,no
2013 (86th),DIRECTING,The Wolf of Wall Street,Martin Scorsese,no
2013 (86th),DOCUMENTARY (Feature),The Act of Killing,Joshua Oppenheimer and Signe Byrge Sørensen,no
2013 (86th),DOCUMENTARY (Feature),Cutie and the Boxer,Zachary Heinzerling and Lydia Dean Pilcher,no
2013 (86th),DOCUMENTARY (Feature),Dirty Wars,Richard Rowley and Jeremy Scahill,no
2013 (86th),DOCUMENTARY (Feature),The Square,Jehane Noujaim and Karim Amer,no
2013 (86th),DOCUMENTARY (Feature),20 Feet from Stardom,Morgan Neville; Gil Friesen and Caitrin Rogers,yes
2013 (86th),DOCUMENTARY (Short Subject),CaveDigger,Jeffrey Karoff,no
2013 (86th),DOCUMENTARY (Short Subject),Facing Fear,Jason Cohen,no
2013 (86th),DOCUMENTARY (Short Subject),Karama Has No Walls,Sara Ishaq,no
2013 (86th),DOCUMENTARY (Short Subject),The Lady in Number 6: Music Saved My Life,Malcolm Clarke and Nicholas Reed,yes
2013 (86th),DOCUMENTARY (Short Subject),Prison Terminal: The Last Days of Private Jack Hall,Edgar Barens,no
2013 (86th),FILM EDITING,American Hustle,Jay Cassidy; Crispin Struthers and Alan Baumgarten,no
2013 (86th),FILM EDITING,Captain Phillips,Christopher Rouse,no
2013 (86th),FILM EDITING,Dallas Buyers Club,John Mac McMurphy and Martin Pensa,no
2013 (86th),FILM EDITING,Gravity,Alfonso Cuarón and Mark Sanger,yes
2013 (86th),FILM EDITING,12 Years a Slave,Joe Walker,no
2013 (86th),FOREIGN LANGUAGE FILM,The Broken Circle Breakdown,Belgium,no
2013 (86th),FOREIGN LANGUAGE FILM,The Great Beauty,Italy,yes
2013 (86th),FOREIGN LANGUAGE FILM,The Hunt,Denmark,no
2013 (86th),FOREIGN LANGUAGE FILM,The Missing Picture,Cambodia,no
2013 (86th),FOREIGN LANGUAGE FILM,Omar,Palestine,no
2013 (86th),MAKEUP AND HAIRSTYLING,Dallas Buyers Club,Adruitha Lee and Robin Mathews,yes
2013 (86th),MAKEUP AND HAIRSTYLING,Jackass Presents: Bad Grandpa,Stephen Prouty,no
2013 (86th),MAKEUP AND HAIRSTYLING,The Lone Ranger,Joel Harlow and Gloria Pasqua-Casny,no
2013 (86th),MUSIC (Original Score),The Book Thief,John Williams,no
2013 (86th),MUSIC (Original Score),Gravity,Steven Price,yes
2013 (86th),MUSIC (Original Score),Her,William Butler and Owen Pallett,no
2013 (86th),MUSIC (Original Score),Philomena,Alexandre Desplat,no
2013 (86th),MUSIC (Original Score),Saving Mr. Banks,Thomas Newman,no
2013 (86th),MUSIC (Original Song),"Alone Yet Not Alone" from Alone Yet Not Alone,Music by Bruce Broughton; Lyric by Dennis Spiegel,no
2013 (86th),MUSIC (Original Song),[NOTE: THIS IS NOT AN OFFICIAL NOMINATION. After the nominations were announced on January 16; 2014; it was determined that Mr. Broughton had taken actions in promoting the song that were inconsistent with the Academy's campaign regulations. The Board of Governors voted to rescind the nomination on January 29; and only four songs were included on the final ballot.],NA,no
2013 (86th),MUSIC (Original Song),"Happy" from Despicable Me 2,Music and Lyric by Pharrell Williams,no
2013 (86th),MUSIC (Original Song),"Let It Go" from Frozen,Music and Lyric by Kristen Anderson-Lopez and Robert Lopez,yes
2013 (86th),MUSIC (Original Song),"The Moon Song" from Her,Music by Karen O; Lyric by Karen O and Spike Jonze,no
2013 (86th),MUSIC (Original Song),"Ordinary Love" from Mandela: Long Walk to Freedom,Music by Paul Hewson; Dave Evans; Adam Clayton and Larry Mullen; Lyric by Paul Hewson,no
2013 (86th),BEST PICTURE,American Hustle,Charles Roven; Richard Suckle; Megan Ellison and Jonathan Gordon; Producers,no
2013 (86th),BEST PICTURE,Captain Phillips,Scott Rudin; Dana Brunetti and Michael De Luca; Producers,no
2013 (86th),BEST PICTURE,Dallas Buyers Club,Robbie Brenner and Rachel Winter; Producers,no
2013 (86th),BEST PICTURE,Gravity,Alfonso Cuarón and David Heyman; Producers,no
2013 (86th),BEST PICTURE,Her,Megan Ellison; Spike Jonze and Vincent Landay; Producers,no
2013 (86th),BEST PICTURE,Nebraska,Albert Berger and Ron Yerxa; Producers,no
2013 (86th),BEST PICTURE,Philomena,Gabrielle Tana; Steve Coogan and Tracey Seaward; Producers,no
2013 (86th),BEST PICTURE,12 Years a Slave,Brad Pitt; Dede Gardner; Jeremy Kleiner; Steve McQueen and Anthony Katagas; Producers,yes
2013 (86th),BEST PICTURE,The Wolf of Wall Street,Martin Scorsese; Leonardo DiCaprio; Joey McFarland and Emma Tillinger Koskoff; Producers,no
2013 (86th),PRODUCTION DESIGN,American Hustle,Production Design: Judy Becker; Set Decoration: Heather Loeffler,no
2013 (86th),PRODUCTION DESIGN,Gravity,Production Design: Andy Nicholson; Set Decoration: Rosie Goodwin and Joanne Woollard,no
2013 (86th),PRODUCTION DESIGN,The Great Gatsby,Production Design: Catherine Martin; Set Decoration: Beverley Dunn,yes
2013 (86th),PRODUCTION DESIGN,Her,Production Design: K.K. Barrett; Set Decoration: Gene Serdena,no
2013 (86th),PRODUCTION DESIGN,12 Years a Slave,Production Design: Adam Stockhausen; Set Decoration: Alice Baker,no
2013 (86th),SHORT FILM (Animated),Feral,Daniel Sousa and Dan Golden,no
2013 (86th),SHORT FILM (Animated),Get a Horse!,Lauren MacMullan and Dorothy McKim,no
2013 (86th),SHORT FILM (Animated),Mr. Hublot,Laurent Witz and Alexandre Espigares,yes
2013 (86th),SHORT FILM (Animated),Possessions,Shuhei Morita,no
2013 (86th),SHORT FILM (Animated),Room on the Broom,Max Lang and Jan Lachauer,no
2013 (86th),SHORT FILM (Live Action),Aquel No Era Yo (That Wasn't Me),Esteban Crespo,no
2013 (86th),SHORT FILM (Live Action),Avant Que De Tout Perdre (Just before Losing Everything),Xavier Legrand and Alexandre Gavras,no
2013 (86th),SHORT FILM (Live Action),Helium,Anders Walter and Kim Magnusson,yes
2013 (86th),SHORT FILM (Live Action),Pitääkö Mun Kaikki Hoitaa? (Do I Have to Take Care of Everything?),Selma Vilhunen and Kirsikka Saari,no
2013 (86th),SHORT FILM (Live Action),The Voorman Problem,Mark Gill and Baldwin Li,no
2013 (86th),SOUND EDITING,All Is Lost,Steve Boeddeker and Richard Hymns,no
2013 (86th),SOUND EDITING,Captain Phillips,Oliver Tarney,no
2013 (86th),SOUND EDITING,Gravity,Glenn Freemantle,yes
2013 (86th),SOUND EDITING,The Hobbit: The Desolation of Smaug,Brent Burge and Chris Ward,no
2013 (86th),SOUND EDITING,Lone Survivor,Wylie Stateman,no
2013 (86th),SOUND MIXING,Captain Phillips,Chris Burdon; Mark Taylor; Mike Prestwood Smith and Chris Munro,no
2013 (86th),SOUND MIXING,Gravity,Skip Lievsay; Niv Adiri; Christopher Benstead and Chris Munro,yes
2013 (86th),SOUND MIXING,The Hobbit: The Desolation of Smaug,Christopher Boyes; Michael Hedges; Michael Semanick and Tony Johnson,no
2013 (86th),SOUND MIXING,Inside Llewyn Davis,Skip Lievsay; Greg Orloff and Peter F. Kurland,no
2013 (86th),SOUND MIXING,Lone Survivor,Andy Koyama; Beau Borders and David Brownlow,no
2013 (86th),VISUAL EFFECTS,Gravity,Tim Webber; Chris Lawrence; David Shirk and Neil Corbould,yes
2013 (86th),VISUAL EFFECTS,The Hobbit: The Desolation of Smaug,Joe Letteri; Eric Saindon; David Clayton and Eric Reynolds,no
2013 (86th),VISUAL EFFECTS,Iron Man 3,Christopher Townsend; Guy Williams; Erik Nash and Dan Sudick,no
2013 (86th),VISUAL EFFECTS,The Lone Ranger,Tim Alexander; Gary Brozenich; Edson Williams and John Frazier,no
2013 (86th),VISUAL EFFECTS,Star Trek Into Darkness,Roger Guyett; Patrick Tubach; Ben Grossmann and Burt Dalton,no
2013 (86th),WRITING (Adapted Screenplay),Before Midnight,Written by Richard Linklater; Julie Delpy; Ethan Hawke,no
2013 (86th),WRITING (Adapted Screenplay),Captain Phillips,Screenplay by Billy Ray,no
2013 (86th),WRITING (Adapted Screenplay),Philomena,Screenplay by Steve Coogan and Jeff Pope,no
2013 (86th),WRITING (Adapted Screenplay),12 Years a Slave,Screenplay by John Ridley,yes
2013 (86th),WRITING (Adapted Screenplay),The Wolf of Wall Street,Screenplay by Terence Winter,no
2013 (86th),WRITING (Original Screenplay),American Hustle,Written by Eric Warren Singer and David O. Russell,no
2013 (86th),WRITING (Original Screenplay),Blue Jasmine,Written by Woody Allen,no
2013 (86th),WRITING (Original Screenplay),Dallas Buyers Club,Written by Craig Borten & Melisa Wallack,no
2013 (86th),WRITING (Original Screenplay),Her,Written by Spike Jonze,yes
2013 (86th),WRITING (Original Screenplay),Nebraska,Written by Bob Nelson,no
2013 (86th),JEAN HERSHOLT HUMANITARIAN AWARD,Angelina Jolie,NA,yes
2013 (86th),HONORARY AWARD,To Angela Lansbury; an entertainment icon who has created some of cinema's most memorable characters; inspiring generations of actors.,NA,yes
2013 (86th),HONORARY AWARD,To Steve Martin in recognition of his extraordinary talents and the unique inspiration he has brought to the art of motion pictures.,NA,yes
2013 (86th),HONORARY AWARD,To Piero Tosi; a visionary whose incomparable costume designs shaped timeless; living art in motion pictures.,NA,yes
2013 (86th),GORDON E. SAWYER AWARD,Peter W. Anderson,NA,yes
2013 (86th),SCIENTIFIC AND TECHNICAL AWARD (Academy Award of Merit),To all those who built and operated film laboratories; for over a century of service to the motion picture industry. Lab employees have contributed extraordinary efforts to achieve filmmakers' artistic expectations for special film processing and the production of billions of feet of release prints per year. This work has allowed an expanded motion picture audience and unequaled worldwide cinema experience. [Special Photographic],NA,yes
2013 (86th),SCIENTIFIC AND TECHNICAL AWARD (Scientific and Engineering Award),To OFER ALON for the design and implementation of the ZBrush software tool for multi-resolution sculpting of digital models. ZBrush pioneered multi-resolution digital sculpting; transforming how artists conceive and realize their final designs. ZBrush has enabled artists to create models far more quickly and with much greater detail than previous approaches. [Digital Imaging Technology],NA,yes
2013 (86th),SCIENTIFIC AND TECHNICAL AWARD (Scientific and Engineering Award),To ERIC VEACH for his foundational research on efficient Monte Carlo path tracing for image synthesis. Physically based rendering has transformed computer graphics lighting by more accurately simulating materials and lights; allowing digital artists to focus on cinematography rather than the intricacies of rendering. In his 1997 Ph.D. thesis and related publications; Veach formalized the principles of Monte Carlo path tracing and introduced essential optimization techniques; such as multiple importance sampling; which make physically based rendering computationally feasible. [Digital Imaging Technology],NA,yes
2013 (86th),SCIENTIFIC AND TECHNICAL AWARD (Scientific and Engineering Award),To ANDRE GAUTHIER; BENOIT SEVIGNY; YVES BOUDREAULT and ROBERT LANCIAULT for the design and implementation of the FiLMBOX software application. FiLMBOX; the foundation of MotionBuilder; enables the real-time processing and control of devices and animation. For over two decades; its innovative architecture has been a basis for the development and evolution of new techniques in filmmaking; such as virtual production. [Digital Imaging Technology],NA,yes
2013 (86th),SCIENTIFIC AND TECHNICAL AWARD (Scientific and Engineering Award),To EMMANUEL PRÉVINAIRE; JAN SPERLING; ETIENNE BRANDT and TONY POSTIAU for their development of the Flying-Cam SARAH 3.0 system. This battery-powered; radio-controlled; miniature helicopter camera system employs computer-assisted piloting and tele-operation in an airframe that utilizes GPS-assisted flight controls for aerial filming of unparalleled sophistication. Flying-Cam SARAH achieves shots impossible for full-size helicopters; cable systems or other traditional camera support devices. [Photography],NA,yes
2013 (86th),SCIENTIFIC AND TECHNICAL AWARD (Technical Achievement Award),To OLIVIER MAURY; IAN SACHS and DAN PIPONI for the creation of the ILM Plume system that simulates and renders fire; smoke and explosions for motion picture visual effects. The unique construction of this system combines fluid solving and final image rendering on the GPU (Graphics Processing Unit) hardware without needing an intermediate step involving the CPU. This innovation reduces turnaround time; resulting in significant efficiency gains for the ILM effects department. [Digital Imaging Technology],NA,yes
2013 (86th),SCIENTIFIC AND TECHNICAL AWARD (Technical Achievement Award),To RONALD D. HENDERSON for the development of the FLUX gas simulation system. The use of the Fast Fourier Transform for solving partial differential equations allows FLUX a greater level of algorithmic efficiency when multi-threading on modern hardware. This innovation enables the creation of very high-resolution fluid effects while maintaining fast turnaround times. [Digital Imaging Technology],NA,yes
2013 (86th),SCIENTIFIC AND TECHNICAL AWARD (Technical Achievement Award),To ANDREW CAMENISCH; DAVID CARDWELL and TIBOR MADJAR for the concept and design; and to CSABA KOHEGYI and IMRE MAJOR for the implementation of the Mudbox software. Mudbox provides artists powerful new design capabilities that significantly advance the state of the art in multi-resolution digital sculpting for film production. [Digital Imaging Technology],NA,yes
2013 (86th),SCIENTIFIC AND TECHNICAL AWARD (Technical Achievement Award),To MARTIN HILL; JON ALLITT and NICK McKENZIE for the creation of the spherical harmonics-based efficient lighting system at Weta Digital. The spherical harmonics lighting pipeline precomputes and reuses a smooth approximation of time-consuming visibility calculations. This enables artists to quickly see the results of changing lights; materials and set layouts in scenes with extremely complex geometry. [Digital Imaging Technology],NA,yes
2013 (86th),SCIENTIFIC AND TECHNICAL AWARD (Technical Achievement Award),To FLORIAN KAINZ; JEFFERY YOST; PHILIP HUBBARD and JIM HOURIHAN for the architecture and development of the Zeno application framework. For more than a decade; Zeno's flexible and robust design has allowed the creation of a broad range of Academy Award-winning visual effects toolsets at ILM. [Digital Imaging Technology],NA,yes
2013 (86th),SCIENTIFIC AND TECHNICAL AWARD (Technical Achievement Award),To PETER HUANG and CHRIS PERRY for their architectural contributions to; and to HANS RIJPKEMA and JOE MANCEWICZ for the core engineering of; the Voodoo application framework. For more than a decade; Voodoo's unique design concepts have enabled a broad range of character animation toolsets to be developed at Rhythm & Hues. [Digital Imaging Technology],NA,yes
2013 (86th),SCIENTIFIC AND TECHNICAL AWARD (Technical Achievement Award),To MATT PHARR; GREG HUMPHREYS and PAT HANRAHAN for their formalization and reference implementation of the concepts behind physically based rendering; as shared in their book "Physically Based Rendering." Physically based rendering has transformed computer graphics lighting by more accurately simulating materials and lights; allowing digital artists to focus on cinematography rather than the intricacies of rendering. First published in 2004; "Physically Based Rendering" is both a textbook and a complete source-code implementation that has provided a widely adopted practical roadmap for most physically based shading and lighting systems used in film production. [Digital Imaging Technology],NA,yes
2013 (86th),SCIENTIFIC AND TECHNICAL AWARD (Technical Achievement Award),To DR. PETER HILLMAN for the long-term development and continued advancement of innovative; robust and complete toolsets for deep compositing. Dr. Hillman's ongoing contributions to standardized techniques and a common deep image file format have enabled advanced compositing workflows across the digital filmmaking industry. [Digital Imaging Technology],NA,yes
2013 (86th),SCIENTIFIC AND TECHNICAL AWARD (Technical Achievement Award),To COLIN DONCASTER; JOHANNES SAAM; AREITO ECHEVARRIA; JANNE KONTKANEN and CHRIS COOPER for the development; prototyping and promotion of technologies and workflows for deep compositing. Their contributions include early advancements in key deep compositing features such as layer and holdout-order independence; spatial and intra-element color correction; post-render depth of field; and precise blending of complex layer edges. [Digital Imaging Technology],NA,yes
2013 (86th),SCIENTIFIC AND TECHNICAL AWARD (Technical Achievement Award),To THOMAS LOKOVIC and ERIC VEACH for their influential research and publication of the fundamental concepts of deep shadowing technology. Providing a functional and efficient model for the storage of deep opacity information; this technology was widely adopted as the foundation of early deep compositing pipelines. [Digital Imaging Technology],NA,yes
2013 (86th),SCIENTIFIC AND TECHNICAL AWARD (Technical Achievement Award),To GIFFORD HOOPER and PHILIP GEORGE of HoverCam for the continuing development of the Helicam miniature helicopter camera system. The current Helicam system is a high-speed; extremely maneuverable; turbine-engine; radio-controlled miniature helicopter that supports professional film and digital cinema cameras. Helicam provides a wide range of stabilized; remotely operated pan; tilt and roll capabilities; achieving shots impossible for full-size helicopters. [Photography],NA,yes
2013 (86th),SCIENTIFIC AND TECHNICAL AWARD (Technical Achievement Award),To JOHN FRAZIER; CHUCK GASPAR and CLAY PINNEY for the design and development of the Pneumatic Car Flipper. This self-contained high-pressure pneumatic device safely launches a stationary full-sized car on a predetermined trajectory. The precision of operation enhances the safety of performers; and the physical design allows a rapid setup and strike. [Stage Operations],NA,yes
2013 (86th),SCIENTIFIC AND TECHNICAL AWARD (Technical Achievement Award),To JOSHUA PINES; DAVID REISNER; LOU LEVINSON; CURTIS CLARK; ASC; and DAVID REGISTER for the development of the American Society of Cinematographers Color Decision List technology. The ASC CDL unifies color correction principles for use on- and off-set; providing for the faithful reproduction of color values across a variety of color correction devices. This technology provides basic image-processing mathematics that translate the lift; gamma and gain settings to a set of common color values to help preserve the cinematographer's intent throughout production. [Systems],NA,yes
2013 (86th),SCIENTIFIC AND TECHNICAL AWARD (Technical Achievement Award),To JEREMY SELAN for the development of the OpenColorIO color management framework. OpenColorIO; developed at Sony Pictures Imageworks; is an open source framework that enables consistent color visualization of motion picture imagery across multiple facilities and numerous software applications. [Digital Imaging Technology],NA,yes
2013 (86th),JOHN A. BONNER MEDAL OF COMMENDATION,To Charles "Tad" Marburg in appreciation for outstanding service and dedication in upholding the high standards of the Academy of Motion Picture Arts and Sciences.,NA,yes
2014 (87th),ACTOR IN A LEADING ROLE,Steve Carell,Foxcatcher {"John du Pont"},no
2014 (87th),ACTOR IN A LEADING ROLE,Bradley Cooper,American Sniper {"Chris Kyle"},no
2014 (87th),ACTOR IN A LEADING ROLE,Benedict Cumberbatch,The Imitation Game {"Alan Turing"},no
2014 (87th),ACTOR IN A LEADING ROLE,Michael Keaton,Birdman or (The Unexpected Virtue of Ignorance) {"Riggan"},no
2014 (87th),ACTOR IN A LEADING ROLE,Eddie Redmayne,The Theory of Everything {"Stephen Hawking"},yes
2014 (87th),ACTOR IN A SUPPORTING ROLE,Robert Duvall,The Judge {"Joseph Palmer"},no
2014 (87th),ACTOR IN A SUPPORTING ROLE,Ethan Hawke,Boyhood {"Dad"},no
2014 (87th),ACTOR IN A SUPPORTING ROLE,Edward Norton,Birdman or (The Unexpected Virtue of Ignorance) {"Mike"},no
2014 (87th),ACTOR IN A SUPPORTING ROLE,Mark Ruffalo,Foxcatcher {"David Schultz"},no
2014 (87th),ACTOR IN A SUPPORTING ROLE,J.K. Simmons,Whiplash {"Fletcher"},yes
2014 (87th),ACTRESS IN A LEADING ROLE,Marion Cotillard,Two Days; One Night {"Sandra"},no
2014 (87th),ACTRESS IN A LEADING ROLE,Felicity Jones,The Theory of Everything {"Jane Hawking"},no
2014 (87th),ACTRESS IN A LEADING ROLE,Julianne Moore,Still Alice {"Alice Howland"},yes
2014 (87th),ACTRESS IN A LEADING ROLE,Rosamund Pike,Gone Girl {"Amy Dunne"},no
2014 (87th),ACTRESS IN A LEADING ROLE,Reese Witherspoon,Wild {"Cheryl"},no
2014 (87th),ACTRESS IN A SUPPORTING ROLE,Patricia Arquette,Boyhood {"Mom"},yes
2014 (87th),ACTRESS IN A SUPPORTING ROLE,Laura Dern,Wild {"Bobbi"},no
2014 (87th),ACTRESS IN A SUPPORTING ROLE,Keira Knightley,The Imitation Game {"Joan Clarke"},no
2014 (87th),ACTRESS IN A SUPPORTING ROLE,Emma Stone,Birdman or (The Unexpected Virtue of Ignorance) {"Sam"},no
2014 (87th),ACTRESS IN A SUPPORTING ROLE,Meryl Streep,Into the Woods {"Witch"},no
2014 (87th),ANIMATED FEATURE FILM,Big Hero 6,Don Hall; Chris Williams and Roy Conli,yes
2014 (87th),ANIMATED FEATURE FILM,The Boxtrolls,Anthony Stacchi; Graham Annable and Travis Knight,no
2014 (87th),ANIMATED FEATURE FILM,How to Train Your Dragon 2,Dean DeBlois and Bonnie Arnold,no
2014 (87th),ANIMATED FEATURE FILM,Song of the Sea,Tomm Moore and Paul Young,no
2014 (87th),ANIMATED FEATURE FILM,The Tale of the Princess Kaguya,Isao Takahata and Yoshiaki Nishimura,no
2014 (87th),CINEMATOGRAPHY,Birdman or (The Unexpected Virtue of Ignorance),Emmanuel Lubezki,yes
2014 (87th),CINEMATOGRAPHY,The Grand Budapest Hotel,Robert Yeoman,no
2014 (87th),CINEMATOGRAPHY,Ida,Lukasz Zal and Ryszard Lenczewski,no
2014 (87th),CINEMATOGRAPHY,Mr. Turner,Dick Pope,no
2014 (87th),CINEMATOGRAPHY,Unbroken,Roger Deakins,no
2014 (87th),COSTUME DESIGN,The Grand Budapest Hotel,Milena Canonero,yes
2014 (87th),COSTUME DESIGN,Inherent Vice,Mark Bridges,no
2014 (87th),COSTUME DESIGN,Into the Woods,Colleen Atwood,no
2014 (87th),COSTUME DESIGN,Maleficent,Anna B. Sheppard,no
2014 (87th),COSTUME DESIGN,Mr. Turner,Jacqueline Durran,no
2014 (87th),DIRECTING,Birdman or (The Unexpected Virtue of Ignorance),Alejandro G. Iñárritu,yes
2014 (87th),DIRECTING,Boyhood,Richard Linklater,no
2014 (87th),DIRECTING,Foxcatcher,Bennett Miller,no
2014 (87th),DIRECTING,The Grand Budapest Hotel,Wes Anderson,no
2014 (87th),DIRECTING,The Imitation Game,Morten Tyldum,no
2014 (87th),DOCUMENTARY (Feature),CitizenFour,Laura Poitras; Mathilde Bonnefoy and Dirk Wilutzky,yes
2014 (87th),DOCUMENTARY (Feature),Finding Vivian Maier,John Maloof and Charlie Siskel,no
2014 (87th),DOCUMENTARY (Feature),Last Days in Vietnam,Rory Kennedy and Keven McAlester,no
2014 (87th),DOCUMENTARY (Feature),The Salt of the Earth,Wim Wenders; Juliano Ribeiro Salgado and David Rosier,no
2014 (87th),DOCUMENTARY (Feature),Virunga,Orlando von Einsiedel and Joanna Natasegara,no
2014 (87th),DOCUMENTARY (Short Subject),Crisis Hotline: Veterans Press 1,Ellen Goosenberg Kent and Dana Perry,yes
2014 (87th),DOCUMENTARY (Short Subject),Joanna,Aneta Kopacz,no
2014 (87th),DOCUMENTARY (Short Subject),Our Curse,Tomasz Sliwinski and Maciej Slesicki,no
2014 (87th),DOCUMENTARY (Short Subject),The Reaper (La Parka),Gabriel Serra Arguello,no
2014 (87th),DOCUMENTARY (Short Subject),White Earth,J. Christian Jensen,no
2014 (87th),FILM EDITING,American Sniper,Joel Cox and Gary D. Roach,no
2014 (87th),FILM EDITING,Boyhood,Sandra Adair,no
2014 (87th),FILM EDITING,The Grand Budapest Hotel,Barney Pilling,no
2014 (87th),FILM EDITING,The Imitation Game,William Goldenberg,no
2014 (87th),FILM EDITING,Whiplash,Tom Cross,yes
2014 (87th),FOREIGN LANGUAGE FILM,Ida,Poland,yes
2014 (87th),FOREIGN LANGUAGE FILM,Leviathan,Russia,no
2014 (87th),FOREIGN LANGUAGE FILM,Tangerines,Estonia,no
2014 (87th),FOREIGN LANGUAGE FILM,Timbuktu,Mauritania,no
2014 (87th),FOREIGN LANGUAGE FILM,Wild Tales,Argentina,no
2014 (87th),MAKEUP AND HAIRSTYLING,Foxcatcher,Bill Corso and Dennis Liddiard,no
2014 (87th),MAKEUP AND HAIRSTYLING,The Grand Budapest Hotel,Frances Hannon and Mark Coulier,yes
2014 (87th),MAKEUP AND HAIRSTYLING,Guardians of the Galaxy,Elizabeth Yianni-Georgiou and David White,no
2014 (87th),MUSIC (Original Score),The Grand Budapest Hotel,Alexandre Desplat,yes
2014 (87th),MUSIC (Original Score),The Imitation Game,Alexandre Desplat,no
2014 (87th),MUSIC (Original Score),Interstellar,Hans Zimmer,no
2014 (87th),MUSIC (Original Score),Mr. Turner,Gary Yershon,no
2014 (87th),MUSIC (Original Score),The Theory of Everything,Jóhann Jóhannsson,no
2014 (87th),MUSIC (Original Song),"Everything Is Awesome" from The Lego Movie,Music and Lyric by Shawn Patterson,no
2014 (87th),MUSIC (Original Song),"Glory" from Selma,Music and Lyric by John Stephens and Lonnie Lynn,yes
2014 (87th),MUSIC (Original Song),"Grateful" from Beyond the Lights,Music and Lyric by Diane Warren,no
2014 (87th),MUSIC (Original Song),"I'm Not Gonna Miss You" from Glen Campbell...I'll Be Me,Music and Lyric by Glen Campbell and Julian Raymond,no
2014 (87th),MUSIC (Original Song),"Lost Stars" from Begin Again,Music and Lyric by Gregg Alexander and Danielle Brisebois,no
2014 (87th),BEST PICTURE,American Sniper,Clint Eastwood; Robert Lorenz; Andrew Lazar; Bradley Cooper and Peter Morgan; Producers,no
2014 (87th),BEST PICTURE,Birdman or (The Unexpected Virtue of Ignorance),Alejandro G. Iñárritu; John Lesher and James W. Skotchdopole; Producers,yes
2014 (87th),BEST PICTURE,Boyhood,Richard Linklater and Cathleen Sutherland; Producers,no
2014 (87th),BEST PICTURE,The Grand Budapest Hotel,Wes Anderson; Scott Rudin; Steven Rales and Jeremy Dawson; Producers,no
2014 (87th),BEST PICTURE,The Imitation Game,Nora Grossman; Ido Ostrowsky and Teddy Schwarzman; Producers,no
2014 (87th),BEST PICTURE,Selma,Christian Colson; Oprah Winfrey; Dede Gardner and Jeremy Kleiner; Producers,no
2014 (87th),BEST PICTURE,The Theory of Everything,Tim Bevan; Eric Fellner; Lisa Bruce and Anthony McCarten; Producers,no
2014 (87th),BEST PICTURE,Whiplash,Jason Blum; Helen Estabrook and David Lancaster; Producers,no
2014 (87th),PRODUCTION DESIGN,The Grand Budapest Hotel,Production Design: Adam Stockhausen; Set Decoration: Anna Pinnock,yes
2014 (87th),PRODUCTION DESIGN,The Imitation Game,Production Design: Maria Djurkovic; Set Decoration: Tatiana Macdonald,no
2014 (87th),PRODUCTION DESIGN,Interstellar,Production Design: Nathan Crowley; Set Decoration: Gary Fettis,no
2014 (87th),PRODUCTION DESIGN,Into the Woods,Production Design: Dennis Gassner; Set Decoration: Anna Pinnock,no
2014 (87th),PRODUCTION DESIGN,Mr. Turner,Production Design: Suzie Davies; Set Decoration: Charlotte Watts,no
2014 (87th),SHORT FILM (Animated),The Bigger Picture,Daisy Jacobs and Christopher Hees,no
2014 (87th),SHORT FILM (Animated),The Dam Keeper,Robert Kondo and Dice Tsutsumi,no
2014 (87th),SHORT FILM (Animated),Feast,Patrick Osborne and Kristina Reed,yes
2014 (87th),SHORT FILM (Animated),Me and My Moulton,Torill Kove,no
2014 (87th),SHORT FILM (Animated),A Single Life,Joris Oprins,no
2014 (87th),SHORT FILM (Live Action),Aya,Oded Binnun and Mihal Brezis,no
2014 (87th),SHORT FILM (Live Action),Boogaloo and Graham,Michael Lennox and Ronan Blaney,no
2014 (87th),SHORT FILM (Live Action),Butter Lamp (La Lampe Au Beurre De Yak),Hu Wei and Julien Féret,no
2014 (87th),SHORT FILM (Live Action),Parvaneh,Talkhon Hamzavi and Stefan Eichenberger,no
2014 (87th),SHORT FILM (Live Action),The Phone Call,Mat Kirkby and James Lucas,yes
2014 (87th),SOUND EDITING,American Sniper,Alan Robert Murray and Bub Asman,yes
2014 (87th),SOUND EDITING,Birdman or (The Unexpected Virtue of Ignorance),Martín Hernández and Aaron Glascock,no
2014 (87th),SOUND EDITING,The Hobbit: The Battle of the Five Armies,Brent Burge and Jason Canovas,no
2014 (87th),SOUND EDITING,Interstellar,Richard King,no
2014 (87th),SOUND EDITING,Unbroken,Becky Sullivan and Andrew DeCristofaro,no
2014 (87th),SOUND MIXING,American Sniper,John Reitz; Gregg Rudloff and Walt Martin,no
2014 (87th),SOUND MIXING,Birdman or (The Unexpected Virtue of Ignorance),Jon Taylor; Frank A. Montaño and Thomas Varga,no
2014 (87th),SOUND MIXING,Interstellar,Gary A. Rizzo; Gregg Landaker and Mark Weingarten,no
2014 (87th),SOUND MIXING,Unbroken,Jon Taylor; Frank A. Montaño and David Lee,no
2014 (87th),SOUND MIXING,Whiplash,Craig Mann; Ben Wilkins and Thomas Curley,yes
2014 (87th),VISUAL EFFECTS,Captain America: The Winter Soldier,Dan DeLeeuw; Russell Earl; Bryan Grill and Dan Sudick,no
2014 (87th),VISUAL EFFECTS,Dawn of the Planet of the Apes,Joe Letteri; Dan Lemmon; Daniel Barrett and Erik Winquist,no
2014 (87th),VISUAL EFFECTS,Guardians of the Galaxy,Stephane Ceretti; Nicolas Aithadi; Jonathan Fawkner and Paul Corbould,no
2014 (87th),VISUAL EFFECTS,Interstellar,Paul Franklin; Andrew Lockley; Ian Hunter and Scott Fisher,yes
2014 (87th),VISUAL EFFECTS,X-Men: Days of Future Past,Richard Stammers; Lou Pecora; Tim Crosbie and Cameron Waldbauer,no
2014 (87th),WRITING (Adapted Screenplay),American Sniper,Written by Jason Hall,no
2014 (87th),WRITING (Adapted Screenplay),The Imitation Game,Written by Graham Moore,yes
2014 (87th),WRITING (Adapted Screenplay),Inherent Vice,Written for the screen by Paul Thomas Anderson,no
2014 (87th),WRITING (Adapted Screenplay),The Theory of Everything,Screenplay by Anthony McCarten,no
2014 (87th),WRITING (Adapted Screenplay),Whiplash,Written by Damien Chazelle,no
2014 (87th),WRITING (Original Screenplay),Birdman or (The Unexpected Virtue of Ignorance),Written by Alejandro G. Iñárritu; Nicolás Giacobone; Alexander Dinelaris; Jr. & Armando Bo,yes
2014 (87th),WRITING (Original Screenplay),Boyhood,Written by Richard Linklater,no
2014 (87th),WRITING (Original Screenplay),Foxcatcher,Written by E. Max Frye and Dan Futterman,no
2014 (87th),WRITING (Original Screenplay),The Grand Budapest Hotel,Screenplay by Wes Anderson; Story by Wes Anderson & Hugo Guinness,no
2014 (87th),WRITING (Original Screenplay),Nightcrawler,Written by Dan Gilroy,no
2014 (87th),JEAN HERSHOLT HUMANITARIAN AWARD,Harry Belafonte,NA,yes
2014 (87th),HONORARY AWARD,To Jean-Claude Carrière; whose elegantly crafted screenplays elevate the art of screenwriting to the level of literature.,NA,yes
2014 (87th),HONORARY AWARD,To Hayao Miyazaki; a master storyteller whose animated artistry has inspired filmmakers and audiences around the world.,NA,yes
2014 (87th),HONORARY AWARD,To Maureen O'Hara; one of Hollywood's brightest stars; whose inspiring performances glowed with passion; warmth and strength.,NA,yes
2014 (87th),GORDON E. SAWYER AWARD,David Winchester Gray,NA,yes
2014 (87th),SCIENTIFIC AND TECHNICAL AWARD (Academy Award of Merit),To DR. LARRY HORNBECK for the invention of digital micromirror technology as used in DLP Cinema projection. The Digital Micromirror Device (DMD) is the core technology that has enabled Texas Instruments' DLP Cinema projection to become the standard of the motion picture industry. [Digital Apparatuses Technology],NA,yes
2014 (87th),SCIENTIFIC AND TECHNICAL AWARD (Scientific and Engineering Award),To IAIN NEIL for the optical design; and to ANDRÉ DE WINTER for the mechanical design; of the Leica Summilux-C series of lenses. Incorporating novel telecentric multi-element aspherical optics; these camera lenses have delivered unprecedented optical and mechanical performance. [Lenses and Filters],NA,yes
2014 (87th),SCIENTIFIC AND TECHNICAL AWARD (Scientific and Engineering Award),To BRAD WALKER; D. SCOTT DEWALD; BILL WERNER; GREG PETTITT and FRANK PORADISH for their contributions furthering the design and refinement of the Texas Instruments DLP Cinema projection technology; whose high level of performance enabled color-accurate digital intermediate preview and motion picture theatrical presentation. Working in conjunction with the film industry; Texas Instruments created a high-resolution; high-quality digital projection system that has replaced most film-based projection systems in the theatrical environment. [Digital Apparatuses Technology],NA,yes
2014 (87th),SCIENTIFIC AND TECHNICAL AWARD (Scientific and Engineering Award),To ICHIRO TSUTSUI; MASAHIRO TAKE; MITSUYASU TAMURA and MITSURU ASANO for the development of the Sony BVM-E Series Professional OLED Master Monitor. These precise; wide-gamut monitors allow creative image decisions to be made on set with confidence that the desired images can be accurately reproduced in post-production. [Digital Apparatuses Technology],NA,yes
2014 (87th),SCIENTIFIC AND TECHNICAL AWARD (Scientific and Engineering Award),To JOHN FREDERICK; BOB MYERS; KARL RASCHE and TOM LIANZA for the development of the HP DreamColor LP2480zx Professional Display. This cost-effective display offered a stable; wide color gamut; allowing facility-wide adoption in feature animation and visual effects studios. [Digital Apparatuses Technology],NA,yes
2014 (87th),SCIENTIFIC AND TECHNICAL AWARD (Technical Achievement Award),To PETER BRAUN for the concept and development of the MAT-Towercam Twin Peek; a portable; remote-controlled; telescoping column that smoothly positions a camera up to 24 feet vertically. This small cross-section system from Mad About Technology can operate from above or below the camera; achieving nearly impossible shots with repeatable movements through openings no larger than the camera itself. [Camera Cranes],NA,yes
2014 (87th),SCIENTIFIC AND TECHNICAL AWARD (Technical Achievement Award),To ROBERT NAGLE and ALLAN PADELFORD for The Biscuit Jr. self-propelled; high-performance; drivable camera and vehicle platform. The Biscuit Jr.'s unique chassis and portable driver pod enables traveling photography from a greater range of camera positions than previously possible; while keeping actors safe and the rig out of frame. [Camera Cranes],NA,yes
2014 (87th),SCIENTIFIC AND TECHNICAL AWARD (Technical Achievement Award),To HAROLD MILLIGAN; STEVEN KRYCHO and REINER DOETZKIES for the implementation engineering in the development of the Texas Instruments DLP Cinema digital projection technology. Texas Instruments' color-accurate; high-resolution; high-quality digital projection system has replaced most film-based projection systems in the theatrical environment. [Digital Apparatuses Technology],NA,yes
2014 (87th),SCIENTIFIC AND TECHNICAL AWARD (Technical Achievement Award),To CARY PHILLIPS; NICOLAS POPRAVKA; PHILIP PETERSON and COLETTE MULLENHOFF for the architecture; development and creation of the artist-driven interface of the ILM Shape Sculpting System. This comprehensive system allows artists to quickly enhance and modify character animation and simulation performances. It has become a crucial part of ILM's production workflow over the past decade. [Digital Imaging Technology],NA,yes
2014 (87th),SCIENTIFIC AND TECHNICAL AWARD (Technical Achievement Award),To TIM COTTER; ROGER VAN DER LAAN; KEN PEARCE and GREG LaSALLE for the innovative design and development of the MOVA Facial Performance Capture system. The MOVA system provides a robust way to capture highly detailed; topologically consistent; animated meshes of a deforming object. This technology is fundamental to the facial pipeline at many visual effects companies. It allows artists to create character animation of extremely high quality. [Digital Imaging Technology],NA,yes
2014 (87th),SCIENTIFIC AND TECHNICAL AWARD (Technical Achievement Award),To DAN PIPONI; KIM LIBRERI and GEORGE BORSHUKOV for their pioneering work in the development of Universal Capture at ESC Entertainment. The Universal Capture system broke new ground in the creation of realistic human facial animation. This technology produced an animated; high-resolution; textured mesh driven by an actor's performance. [Digital Imaging Technology],NA,yes
2014 (87th),SCIENTIFIC AND TECHNICAL AWARD (Technical Achievement Award),To MARCO REVELANT for the original concepts and artistic vision; and to ALASDAIR COULL and SHANE COOPER for the original architectural and engineering design; of the Barbershop hair grooming system at Weta Digital. Barbershop's unique architecture allows direct manipulation of full-density hair using an intuitive; interactive and procedural toolset; resulting in greatly enhanced productivity with finer-grained artistic control than is possible with other existing systems. [Digital Imaging Technology],NA,yes
2014 (87th),SCIENTIFIC AND TECHNICAL AWARD (Technical Achievement Award),To MICHAEL SECHREST for the modeling design and implementation; CHRIS KING for the real-time interactive engineering; and GREG CROFT for the user interface design and implementation of SpeedTree Cinema. This software substantially improves an artist's ability to create specifically designed trees and vegetation by combining a procedural building process with the flexibility of intuitive; direct manipulation of every detail. [Digital Imaging Technology],NA,yes
2014 (87th),SCIENTIFIC AND TECHNICAL AWARD (Technical Achievement Award),To SCOTT PETERSON; JEFF BUDSBERG and JONATHAN GIBBS for the design and implementation of the DreamWorks Animation Foliage System. This toolset has a hierarchical spline system; a core data format and an artist-driven modeling tool; which have been instrumental in creating art-directed vegetation in animated films for nearly two decades. [Digital Imaging Technology],NA,yes
2014 (87th),SCIENTIFIC AND TECHNICAL AWARD (Technical Achievement Award),To ERWIN COUMANS for the development of the Bullet physics library; and to NAFEES BIN ZAFAR and STEPHEN MARSHALL for the separate development of two large-scale destruction simulation systems based on Bullet. These pioneering systems demonstrated that large numbers of constrained rigid bodies could be used to animate visually complex; believable destruction effects with minimal simulation time. [Digital Imaging Technology],NA,yes
2014 (87th),SCIENTIFIC AND TECHNICAL AWARD (Technical Achievement Award),To BRICE CRISWELL and RON FEDKIW for the development of the ILM PhysBAM Destruction System. This system incorporates innovative research on many algorithms that provide accurate methods for resolving contact; collision and stacking into a mature; robust and extensible production toolset. The PhysBAM Destruction System was one of the earliest toolsets capable of depicting large-scale destruction with a high degree of design control. [Digital Imaging Technology],NA,yes
2014 (87th),SCIENTIFIC AND TECHNICAL AWARD (Technical Achievement Award),To BEN COLE for the design of the Kali Destruction System; to ERIC PARKER for the development of the Digital Molecular Matter toolkit; and to JAMES O'BRIEN for his influential research on the finite element methods that served as a foundation for these tools. The combined innovations in Kali and DMM provide artists with an intuitive; art-directable system for the creation of scalable and realistic fracture and deformation simulations. These tools established finite element methods as a new reference point for believable on-screen destruction. [Digital Imaging Technology],NA,yes
2014 (87th),SCIENTIFIC AND TECHNICAL AWARD (Technical Achievement Award),To MAGNUS WRENNINGE for leading the design and development of Field3D. Field3D provides a flexible and open framework for storing and accessing voxel data efficiently. This allows interchange between previously incompatible modeling; simulation and rendering software. [Digital Imaging Technology],NA,yes
2014 (87th),SCIENTIFIC AND TECHNICAL AWARD (Technical Achievement Award),To ROBERT BRIDSON for early conceptualization of sparse-tiled voxel data structures and their application to modeling and simulation. Robert Bridson's pioneering work on voxel data structures and its subsequent validation in fluid simulation tools have had a significant impact on the design of volumetric tools throughout the visual effects industry. [Digital Imaging Technology],NA,yes
2014 (87th),SCIENTIFIC AND TECHNICAL AWARD (Technical Achievement Award),To KEN MUSETH; PETER CUCKA and MIHAI ALDÉN for the creation of OpenVDB. OpenVDB is a widely adopted; sparse hierarchical data structure that provides a fast and efficient mechanism for storing and manipulating voxels. [Digital Imaging Technology],NA,yes
2014 (87th),AWARD OF COMMENDATION,To Steven Tiffen; Jeff Cohen and Michael Fecik for their pioneering work in developing dye-based filters that reduce IR contamination when neutral density filters are used with digital cameras. The Tiffen Company identified the problem and rapidly engineered a series of absorptive filters that ameliorated infrared artifacts with lenses of all focal lengths. These widely adopted filters allow cinematographers to work as they have done with film-based technology.,NA,yes
