Year,Category,Nominee,Won
1981,ACTOR IN A LEADING ROLE,Reds ,no
1981,ACTOR IN A LEADING ROLE,On Golden Pond ,yes
1981,ACTOR IN A LEADING ROLE,Atlantic City ,no
1981,ACTOR IN A LEADING ROLE,Arthur ,no
1981,ACTOR IN A LEADING ROLE,Absence of Malice ,no
1981,ACTOR IN A SUPPORTING ROLE,Only When I Laugh ,no
1981,ACTOR IN A SUPPORTING ROLE,Arthur ,yes
1981,ACTOR IN A SUPPORTING ROLE,Chariots of Fire ,no
1981,ACTOR IN A SUPPORTING ROLE,Reds ,no
1981,ACTOR IN A SUPPORTING ROLE,Ragtime ,no
1981,ACTRESS IN A LEADING ROLE,On Golden Pond ,yes
1981,ACTRESS IN A LEADING ROLE,Reds ,no
1981,ACTRESS IN A LEADING ROLE,Only When I Laugh ,no
1981,ACTRESS IN A LEADING ROLE,Atlantic City ,no
1981,ACTRESS IN A LEADING ROLE,The French Lieutenant's Woman ,no
1981,ACTRESS IN A SUPPORTING ROLE,Absence of Malice ,no
1981,ACTRESS IN A SUPPORTING ROLE,On Golden Pond ,no
1981,ACTRESS IN A SUPPORTING ROLE,Only When I Laugh ,no
1981,ACTRESS IN A SUPPORTING ROLE,Ragtime ,no
1981,ACTRESS IN A SUPPORTING ROLE,Reds ,yes
1981,CINEMATOGRAPHY,Excalibur,no
1981,CINEMATOGRAPHY,On Golden Pond,no
1981,CINEMATOGRAPHY,Ragtime,no
1981,CINEMATOGRAPHY,Raiders of the Lost Ark,no
1981,CINEMATOGRAPHY,Reds,yes
1981,COSTUME DESIGN,Chariots of Fire,yes
1981,COSTUME DESIGN,The French Lieutenant's Woman,no
1981,COSTUME DESIGN,Pennies from Heaven,no
1981,COSTUME DESIGN,Ragtime,no
1981,COSTUME DESIGN,Reds,no
1981,DIRECTING,Atlantic City,no
1981,DIRECTING,Chariots of Fire,no
1981,DIRECTING,On Golden Pond,no
1981,DIRECTING,Raiders of the Lost Ark,no
1981,DIRECTING,Reds,yes
1981,FILM EDITING,Chariots of Fire,no
1981,FILM EDITING,The French Lieutenant's Woman,no
1981,FILM EDITING,On Golden Pond,no
1981,FILM EDITING,Raiders of the Lost Ark,yes
1981,FILM EDITING,Reds,no
1981,BEST PICTURE,Atlantic City,no
1981,BEST PICTURE,Chariots of Fire,yes
1981,BEST PICTURE,On Golden Pond,no
1981,BEST PICTURE,Raiders of the Lost Ark,no
1981,BEST PICTURE,Reds,no
1982,ACTOR IN A LEADING ROLE,Tootsie ,no
1982,ACTOR IN A LEADING ROLE,Gandhi ,yes
1982,ACTOR IN A LEADING ROLE,Missing ,no
1982,ACTOR IN A LEADING ROLE,The Verdict ,no
1982,ACTOR IN A LEADING ROLE,My Favorite Year ,no
1982,ACTOR IN A SUPPORTING ROLE,The Best Little Whorehouse in Texas ,no
1982,ACTOR IN A SUPPORTING ROLE,An Officer and a Gentleman ,yes
1982,ACTOR IN A SUPPORTING ROLE,The World According to Garp ,no
1982,ACTOR IN A SUPPORTING ROLE,The Verdict ,no
1982,ACTOR IN A SUPPORTING ROLE,Victor/Victoria ,no
1982,ACTRESS IN A LEADING ROLE,Victor/Victoria ,no
1982,ACTRESS IN A LEADING ROLE,Frances ,no
1982,ACTRESS IN A LEADING ROLE,Missing ,no
1982,ACTRESS IN A LEADING ROLE,Sophie's Choice ,yes
1982,ACTRESS IN A LEADING ROLE,An Officer and a Gentleman ,no
1982,ACTRESS IN A SUPPORTING ROLE,The World According to Garp ,no
1982,ACTRESS IN A SUPPORTING ROLE,Tootsie ,no
1982,ACTRESS IN A SUPPORTING ROLE,Tootsie ,yes
1982,ACTRESS IN A SUPPORTING ROLE,Frances ,no
1982,ACTRESS IN A SUPPORTING ROLE,Victor/Victoria ,no
1982,CINEMATOGRAPHY,Das Boot,no
1982,CINEMATOGRAPHY,E.T. The Extra-Terrestrial,no
1982,CINEMATOGRAPHY,Gandhi,yes
1982,CINEMATOGRAPHY,Sophie's Choice,no
1982,CINEMATOGRAPHY,Tootsie,no
1982,COSTUME DESIGN,Gandhi,yes
1982,COSTUME DESIGN,La Traviata,no
1982,COSTUME DESIGN,Sophie's Choice,no
1982,COSTUME DESIGN,Tron,no
1982,COSTUME DESIGN,Victor/Victoria,no
1982,DIRECTING,Das Boot,no
1982,DIRECTING,E.T. The Extra-Terrestrial,no
1982,DIRECTING,Gandhi,yes
1982,DIRECTING,Tootsie,no
1982,DIRECTING,The Verdict,no
1982,FILM EDITING,Das Boot,no
1982,FILM EDITING,E.T. The Extra-Terrestrial,no
1982,FILM EDITING,Gandhi,yes
1982,FILM EDITING,An Officer and a Gentleman,no
1982,FILM EDITING,Tootsie,no
1982,BEST PICTURE,E.T. The Extra-Terrestrial,no
1982,BEST PICTURE,Gandhi,yes
1982,BEST PICTURE,Missing,no
1982,BEST PICTURE,Tootsie,no
1982,BEST PICTURE,The Verdict,no
1983,ACTOR IN A LEADING ROLE,Educating Rita ,no
1983,ACTOR IN A LEADING ROLE,Reuben; Reuben ,no
1983,ACTOR IN A LEADING ROLE,The Dresser ,no
1983,ACTOR IN A LEADING ROLE,Tender Mercies ,yes
1983,ACTOR IN A LEADING ROLE,The Dresser ,no
1983,ACTOR IN A SUPPORTING ROLE,To Be or Not to Be ,no
1983,ACTOR IN A SUPPORTING ROLE,Terms of Endearment ,no
1983,ACTOR IN A SUPPORTING ROLE,Terms of Endearment ,yes
1983,ACTOR IN A SUPPORTING ROLE,The Right Stuff ,no
1983,ACTOR IN A SUPPORTING ROLE,Cross Creek ,no
1983,ACTRESS IN A LEADING ROLE,Testament ,no
1983,ACTRESS IN A LEADING ROLE,Terms of Endearment ,yes
1983,ACTRESS IN A LEADING ROLE,Silkwood ,no
1983,ACTRESS IN A LEADING ROLE,Educating Rita ,no
1983,ACTRESS IN A LEADING ROLE,Terms of Endearment ,no
1983,ACTRESS IN A SUPPORTING ROLE,Silkwood ,no
1983,ACTRESS IN A SUPPORTING ROLE,The Big Chill ,no
1983,ACTRESS IN A SUPPORTING ROLE,The Year of Living Dangerously ,yes
1983,ACTRESS IN A SUPPORTING ROLE,Yentl ,no
1983,ACTRESS IN A SUPPORTING ROLE,Cross Creek ,no
1983,CINEMATOGRAPHY,Fanny & Alexander,yes
1983,CINEMATOGRAPHY,Flashdance,no
1983,CINEMATOGRAPHY,The Right Stuff,no
1983,CINEMATOGRAPHY,WarGames,no
1983,CINEMATOGRAPHY,Zelig,no
1983,COSTUME DESIGN,Cross Creek,no
1983,COSTUME DESIGN,Fanny & Alexander,yes
1983,COSTUME DESIGN,Heart Like a Wheel,no
1983,COSTUME DESIGN,The Return of Martin Guerre,no
1983,COSTUME DESIGN,Zelig,no
1983,DIRECTING,The Dresser,no
1983,DIRECTING,Fanny & Alexander,no
1983,DIRECTING,Silkwood,no
1983,DIRECTING,Tender Mercies,no
1983,DIRECTING,Terms of Endearment,yes
1983,FILM EDITING,Blue Thunder,no
1983,FILM EDITING,Flashdance,no
1983,FILM EDITING,The Right Stuff,yes
1983,FILM EDITING,Silkwood,no
1983,FILM EDITING,Terms of Endearment,no
1983,BEST PICTURE,The Big Chill,no
1983,BEST PICTURE,The Dresser,no
1983,BEST PICTURE,The Right Stuff,no
1983,BEST PICTURE,Tender Mercies,no
1983,BEST PICTURE,Terms of Endearment,yes
1984,ACTOR IN A LEADING ROLE,Amadeus ,yes
1984,ACTOR IN A LEADING ROLE,Starman ,no
1984,ACTOR IN A LEADING ROLE,Under the Volcano ,no
1984,ACTOR IN A LEADING ROLE,Amadeus ,no
1984,ACTOR IN A LEADING ROLE,The Killing Fields ,no
1984,ACTOR IN A SUPPORTING ROLE,A Soldier's Story ,no
1984,ACTOR IN A SUPPORTING ROLE,Places in the Heart ,no
1984,ACTOR IN A SUPPORTING ROLE,The Karate Kid ,no
1984,ACTOR IN A SUPPORTING ROLE,The Killing Fields ,yes
1984,ACTOR IN A SUPPORTING ROLE,Greystoke: The Legend of Tarzan; Lord of the Apes ,no
1984,ACTRESS IN A LEADING ROLE,A Passage to India ,no
1984,ACTRESS IN A LEADING ROLE,Places in the Heart ,yes
1984,ACTRESS IN A LEADING ROLE,Country ,no
1984,ACTRESS IN A LEADING ROLE,The Bostonians ,no
1984,ACTRESS IN A LEADING ROLE,The River ,no
1984,ACTRESS IN A SUPPORTING ROLE,A Passage to India ,yes
1984,ACTRESS IN A SUPPORTING ROLE,The Natural ,no
1984,ACTRESS IN A SUPPORTING ROLE,Places in the Heart ,no
1984,ACTRESS IN A SUPPORTING ROLE,Swing Shift ,no
1984,ACTRESS IN A SUPPORTING ROLE,The Pope of Greenwich Village ,no
1984,CINEMATOGRAPHY,Amadeus,no
1984,CINEMATOGRAPHY,The Killing Fields,yes
1984,CINEMATOGRAPHY,The Natural,no
1984,CINEMATOGRAPHY,A Passage to India,no
1984,CINEMATOGRAPHY,The River,no
1984,COSTUME DESIGN,Amadeus,yes
1984,COSTUME DESIGN,The Bostonians,no
1984,COSTUME DESIGN,A Passage to India,no
1984,COSTUME DESIGN,Places in the Heart,no
1984,COSTUME DESIGN,2010,no
1984,DIRECTING,Amadeus,yes
1984,DIRECTING,Broadway Danny Rose,no
1984,DIRECTING,The Killing Fields,no
1984,DIRECTING,A Passage to India,no
1984,DIRECTING,Places in the Heart,no
1984,FILM EDITING,Amadeus,no
1984,FILM EDITING,The Cotton Club,no
1984,FILM EDITING,The Killing Fields,yes
1984,FILM EDITING,A Passage to India,no
1984,FILM EDITING,Romancing the Stone,no
1984,BEST PICTURE,Amadeus,yes
1984,BEST PICTURE,The Killing Fields,no
1984,BEST PICTURE,A Passage to India,no
1984,BEST PICTURE,Places in the Heart,no
1984,BEST PICTURE,A Soldier's Story,no
1985,ACTOR IN A LEADING ROLE,Witness ,no
1985,ACTOR IN A LEADING ROLE,Murphy's Romance ,no
1985,ACTOR IN A LEADING ROLE,Kiss of the Spider Woman ,yes
1985,ACTOR IN A LEADING ROLE,Prizzi's Honor ,no
1985,ACTOR IN A LEADING ROLE,Runaway Train ,no
1985,ACTOR IN A SUPPORTING ROLE,Cocoon ,yes
1985,ACTOR IN A SUPPORTING ROLE,Out of Africa ,no
1985,ACTOR IN A SUPPORTING ROLE,Prizzi's Honor ,no
1985,ACTOR IN A SUPPORTING ROLE,Jagged Edge ,no
1985,ACTOR IN A SUPPORTING ROLE,Runaway Train ,no
1985,ACTRESS IN A LEADING ROLE,Agnes of God ,no
1985,ACTRESS IN A LEADING ROLE,The Color Purple ,no
1985,ACTRESS IN A LEADING ROLE,Sweet Dreams ,no
1985,ACTRESS IN A LEADING ROLE,The Trip to Bountiful ,yes
1985,ACTRESS IN A LEADING ROLE,Out of Africa ,no
1985,ACTRESS IN A SUPPORTING ROLE,The Color Purple ,no
1985,ACTRESS IN A SUPPORTING ROLE,Prizzi's Honor ,yes
1985,ACTRESS IN A SUPPORTING ROLE,Twice in a Lifetime ,no
1985,ACTRESS IN A SUPPORTING ROLE,Agnes of God ,no
1985,ACTRESS IN A SUPPORTING ROLE,The Color Purple ,no
1985,CINEMATOGRAPHY,The Color Purple,no
1985,CINEMATOGRAPHY,Murphy's Romance,no
1985,CINEMATOGRAPHY,Out of Africa,yes
1985,CINEMATOGRAPHY,Ran,no
1985,CINEMATOGRAPHY,Witness,no
1985,COSTUME DESIGN,The Color Purple,no
1985,COSTUME DESIGN,The Journey of Natty Gann,no
1985,COSTUME DESIGN,Out of Africa,no
1985,COSTUME DESIGN,Prizzi's Honor,no
1985,COSTUME DESIGN,Ran,yes
1985,DIRECTING,Kiss of the Spider Woman,no
1985,DIRECTING,Out of Africa,yes
1985,DIRECTING,Prizzi's Honor,no
1985,DIRECTING,Ran,no
1985,DIRECTING,Witness,no
1985,FILM EDITING,A Chorus Line,no
1985,FILM EDITING,Out of Africa,no
1985,FILM EDITING,Prizzi's Honor,no
1985,FILM EDITING,Runaway Train,no
1985,FILM EDITING,Witness,yes
1985,BEST PICTURE,The Color Purple,no
1985,BEST PICTURE,Kiss of the Spider Woman,no
1985,BEST PICTURE,Out of Africa,yes
1985,BEST PICTURE,Prizzi's Honor,no
1985,BEST PICTURE,Witness,no
1986,ACTOR IN A LEADING ROLE,'Round Midnight ,no
1986,ACTOR IN A LEADING ROLE,Mona Lisa ,no
1986,ACTOR IN A LEADING ROLE,Children of a Lesser God ,no
1986,ACTOR IN A LEADING ROLE,The Color of Money ,yes
1986,ACTOR IN A LEADING ROLE,Salvador ,no
1986,ACTOR IN A SUPPORTING ROLE,Platoon ,no
1986,ACTOR IN A SUPPORTING ROLE,Hannah and Her Sisters ,yes
1986,ACTOR IN A SUPPORTING ROLE,Platoon ,no
1986,ACTOR IN A SUPPORTING ROLE,A Room with a View ,no
1986,ACTOR IN A SUPPORTING ROLE,Hoosiers ,no
1986,ACTRESS IN A LEADING ROLE,The Morning After ,no
1986,ACTRESS IN A LEADING ROLE,Children of a Lesser God ,yes
1986,ACTRESS IN A LEADING ROLE,Crimes of the Heart ,no
1986,ACTRESS IN A LEADING ROLE,Peggy Sue Got Married ,no
1986,ACTRESS IN A LEADING ROLE,Aliens ,no
1986,ACTRESS IN A SUPPORTING ROLE,Crimes of the Heart ,no
1986,ACTRESS IN A SUPPORTING ROLE,Children of a Lesser God ,no
1986,ACTRESS IN A SUPPORTING ROLE,The Color of Money ,no
1986,ACTRESS IN A SUPPORTING ROLE,A Room with a View ,no
1986,ACTRESS IN A SUPPORTING ROLE,Hannah and Her Sisters ,yes
1986,CINEMATOGRAPHY,The Mission,yes
1986,CINEMATOGRAPHY,Peggy Sue Got Married,no
1986,CINEMATOGRAPHY,Platoon,no
1986,CINEMATOGRAPHY,A Room with a View,no
1986,CINEMATOGRAPHY,Star Trek IV: The Voyage Home,no
1986,COSTUME DESIGN,The Mission,no
1986,COSTUME DESIGN,Otello,no
1986,COSTUME DESIGN,Peggy Sue Got Married,no
1986,COSTUME DESIGN,Pirates,no
1986,COSTUME DESIGN,A Room with a View,yes
1986,DIRECTING,Blue Velvet,no
1986,DIRECTING,Hannah and Her Sisters,no
1986,DIRECTING,The Mission,no
1986,DIRECTING,Platoon,yes
1986,DIRECTING,A Room with a View,no
1986,FILM EDITING,Aliens,no
1986,FILM EDITING,Hannah and Her Sisters,no
1986,FILM EDITING,The Mission,no
1986,FILM EDITING,Platoon,yes
1986,FILM EDITING,Top Gun,no
1986,BEST PICTURE,Children of a Lesser God,no
1986,BEST PICTURE,Hannah and Her Sisters,no
1986,BEST PICTURE,The Mission,no
1986,BEST PICTURE,Platoon,yes
1986,BEST PICTURE,A Room with a View,no
1987,ACTOR IN A LEADING ROLE,Wall Street ,yes
1987,ACTOR IN A LEADING ROLE,Broadcast News ,no
1987,ACTOR IN A LEADING ROLE,Dark Eyes ,no
1987,ACTOR IN A LEADING ROLE,Ironweed ,no
1987,ACTOR IN A LEADING ROLE,Good Morning; Vietnam ,no
1987,ACTOR IN A SUPPORTING ROLE,Broadcast News ,no
1987,ACTOR IN A SUPPORTING ROLE,The Untouchables ,yes
1987,ACTOR IN A SUPPORTING ROLE,Street Smart ,no
1987,ACTOR IN A SUPPORTING ROLE,Moonstruck ,no
1987,ACTOR IN A SUPPORTING ROLE,Cry Freedom ,no
1987,ACTRESS IN A LEADING ROLE,Moonstruck ,yes
1987,ACTRESS IN A LEADING ROLE,Fatal Attraction ,no
1987,ACTRESS IN A LEADING ROLE,Broadcast News ,no
1987,ACTRESS IN A LEADING ROLE,Anna ,no
1987,ACTRESS IN A LEADING ROLE,Ironweed ,no
1987,ACTRESS IN A SUPPORTING ROLE,Gaby - A True Story ,no
1987,ACTRESS IN A SUPPORTING ROLE,Fatal Attraction ,no
1987,ACTRESS IN A SUPPORTING ROLE,Moonstruck ,yes
1987,ACTRESS IN A SUPPORTING ROLE,Throw Momma from the Train ,no
1987,ACTRESS IN A SUPPORTING ROLE,The Whales of August ,no
1987,CINEMATOGRAPHY,Broadcast News,no
1987,CINEMATOGRAPHY,Empire of the Sun,no
1987,CINEMATOGRAPHY,Hope and Glory,no
1987,CINEMATOGRAPHY,The Last Emperor,yes
1987,CINEMATOGRAPHY,Matewan,no
1987,COSTUME DESIGN,The Dead,no
1987,COSTUME DESIGN,Empire of the Sun,no
1987,COSTUME DESIGN,The Last Emperor,yes
1987,COSTUME DESIGN,Maurice,no
1987,COSTUME DESIGN,The Untouchables,no
1987,DIRECTING,Fatal Attraction,no
1987,DIRECTING,Hope and Glory,no
1987,DIRECTING,The Last Emperor,yes
1987,DIRECTING,Moonstruck,no
1987,DIRECTING,My Life as a Dog,no
1987,FILM EDITING,Broadcast News,no
1987,FILM EDITING,Empire of the Sun,no
1987,FILM EDITING,Fatal Attraction,no
1987,FILM EDITING,The Last Emperor,yes
1987,FILM EDITING,RoboCop,no
1987,BEST PICTURE,Broadcast News,no
1987,BEST PICTURE,Fatal Attraction,no
1987,BEST PICTURE,Hope and Glory,no
1987,BEST PICTURE,The Last Emperor,yes
1987,BEST PICTURE,Moonstruck,no
1988,ACTOR IN A LEADING ROLE,Mississippi Burning ,no
1988,ACTOR IN A LEADING ROLE,Big ,no
1988,ACTOR IN A LEADING ROLE,Rain Man ,yes
1988,ACTOR IN A LEADING ROLE,Stand and Deliver ,no
1988,ACTOR IN A LEADING ROLE,Pelle the Conqueror ,no
1988,ACTOR IN A SUPPORTING ROLE,Little Dorrit ,no
1988,ACTOR IN A SUPPORTING ROLE,A Fish Called Wanda ,yes
1988,ACTOR IN A SUPPORTING ROLE,Tucker The Man and His Dream ,no
1988,ACTOR IN A SUPPORTING ROLE,Running on Empty ,no
1988,ACTOR IN A SUPPORTING ROLE,Married to the Mob ,no
1988,ACTRESS IN A LEADING ROLE,Dangerous Liaisons ,no
1988,ACTRESS IN A LEADING ROLE,The Accused ,yes
1988,ACTRESS IN A LEADING ROLE,Working Girl ,no
1988,ACTRESS IN A LEADING ROLE,A Cry in the Dark ,no
1988,ACTRESS IN A LEADING ROLE,Gorillas in the Mist ,no
1988,ACTRESS IN A SUPPORTING ROLE,Working Girl ,no
1988,ACTRESS IN A SUPPORTING ROLE,The Accidental Tourist ,yes
1988,ACTRESS IN A SUPPORTING ROLE,Mississippi Burning ,no
1988,ACTRESS IN A SUPPORTING ROLE,Dangerous Liaisons ,no
1988,ACTRESS IN A SUPPORTING ROLE,Working Girl ,no
1988,CINEMATOGRAPHY,Mississippi Burning,yes
1988,CINEMATOGRAPHY,Rain Man,no
1988,CINEMATOGRAPHY,Tequila Sunrise,no
1988,CINEMATOGRAPHY,The Unbearable Lightness of Being,no
1988,CINEMATOGRAPHY,Who Framed Roger Rabbit,no
1988,COSTUME DESIGN,Coming to America,no
1988,COSTUME DESIGN,Dangerous Liaisons,yes
1988,COSTUME DESIGN,A Handful of Dust,no
1988,COSTUME DESIGN,Sunset,no
1988,COSTUME DESIGN,Tucker The Man and His Dream,no
1988,DIRECTING,A Fish Called Wanda,no
1988,DIRECTING,The Last Temptation of Christ,no
1988,DIRECTING,Mississippi Burning,no
1988,DIRECTING,Rain Man,yes
1988,DIRECTING,Working Girl,no
1988,FILM EDITING,Die Hard,no
1988,FILM EDITING,Gorillas in the Mist,no
1988,FILM EDITING,Mississippi Burning,no
1988,FILM EDITING,Rain Man,no
1988,FILM EDITING,Who Framed Roger Rabbit,yes
1988,BEST PICTURE,The Accidental Tourist,no
1988,BEST PICTURE,Dangerous Liaisons,no
1988,BEST PICTURE,Mississippi Burning,no
1988,BEST PICTURE,Rain Man,yes
1988,BEST PICTURE,Working Girl,no
1989,ACTOR IN A LEADING ROLE,Henry V ,no
1989,ACTOR IN A LEADING ROLE,Born on the Fourth of July ,no
1989,ACTOR IN A LEADING ROLE,My Left Foot ,yes
1989,ACTOR IN A LEADING ROLE,Driving Miss Daisy ,no
1989,ACTOR IN A LEADING ROLE,Dead Poets Society ,no
1989,ACTOR IN A SUPPORTING ROLE,Do the Right Thing ,no
1989,ACTOR IN A SUPPORTING ROLE,Driving Miss Daisy ,no
1989,ACTOR IN A SUPPORTING ROLE,A Dry White Season ,no
1989,ACTOR IN A SUPPORTING ROLE,Crimes and Misdemeanors ,no
1989,ACTOR IN A SUPPORTING ROLE,Glory ,yes
1989,ACTRESS IN A LEADING ROLE,Camille Claudel ,no
1989,ACTRESS IN A LEADING ROLE,Shirley Valentine ,no
1989,ACTRESS IN A LEADING ROLE,Music Box ,no
1989,ACTRESS IN A LEADING ROLE,The Fabulous Baker Boys ,no
1989,ACTRESS IN A LEADING ROLE,Driving Miss Daisy ,yes
1989,ACTRESS IN A SUPPORTING ROLE,My Left Foot ,yes
1989,ACTRESS IN A SUPPORTING ROLE,Enemies; A Love Story ,no
1989,ACTRESS IN A SUPPORTING ROLE,Enemies; A Love Story ,no
1989,ACTRESS IN A SUPPORTING ROLE,Steel Magnolias ,no
1989,ACTRESS IN A SUPPORTING ROLE,Parenthood ,no
1989,CINEMATOGRAPHY,The Abyss,no
1989,CINEMATOGRAPHY,Blaze,no
1989,CINEMATOGRAPHY,Born on the Fourth of July,no
1989,CINEMATOGRAPHY,The Fabulous Baker Boys,no
1989,CINEMATOGRAPHY,Glory,yes
1989,COSTUME DESIGN,The Adventures of Baron Munchausen,no
1989,COSTUME DESIGN,Driving Miss Daisy,no
1989,COSTUME DESIGN,Harlem Nights,no
1989,COSTUME DESIGN,Henry V,yes
1989,COSTUME DESIGN,Valmont,no
1989,DIRECTING,Born on the Fourth of July,yes
1989,DIRECTING,Crimes and Misdemeanors,no
1989,DIRECTING,Dead Poets Society,no
1989,DIRECTING,Henry V,no
1989,DIRECTING,My Left Foot,no
1989,FILM EDITING,The Bear,no
1989,FILM EDITING,Born on the Fourth of July,yes
1989,FILM EDITING,Driving Miss Daisy,no
1989,FILM EDITING,The Fabulous Baker Boys,no
1989,FILM EDITING,Glory,no
1989,BEST PICTURE,Born on the Fourth of July,no
1989,BEST PICTURE,Dead Poets Society,no
1989,BEST PICTURE,Driving Miss Daisy,yes
1989,BEST PICTURE,Field of Dreams,no
1989,BEST PICTURE,My Left Foot,no
1990,ACTOR IN A LEADING ROLE,Dances With Wolves ,no
1990,ACTOR IN A LEADING ROLE,Awakenings ,no
1990,ACTOR IN A LEADING ROLE,Cyrano de Bergerac ,no
1990,ACTOR IN A LEADING ROLE,The Field ,no
1990,ACTOR IN A LEADING ROLE,Reversal of Fortune ,yes
1990,ACTOR IN A SUPPORTING ROLE,Longtime Companion ,no
1990,ACTOR IN A SUPPORTING ROLE,The Godfather; Part III ,no
1990,ACTOR IN A SUPPORTING ROLE,Dances With Wolves ,no
1990,ACTOR IN A SUPPORTING ROLE,Dick Tracy ,no
1990,ACTOR IN A SUPPORTING ROLE,Good Fellas ,yes
1990,ACTRESS IN A LEADING ROLE,Misery ,yes
1990,ACTRESS IN A LEADING ROLE,The Grifters ,no
1990,ACTRESS IN A LEADING ROLE,Pretty Woman ,no
1990,ACTRESS IN A LEADING ROLE,Postcards from the Edge ,no
1990,ACTRESS IN A LEADING ROLE,Mr. & Mrs. Bridge ,no
1990,ACTRESS IN A SUPPORTING ROLE,The Grifters ,no
1990,ACTRESS IN A SUPPORTING ROLE,Good Fellas ,no
1990,ACTRESS IN A SUPPORTING ROLE,Ghost ,yes
1990,ACTRESS IN A SUPPORTING ROLE,Wild at Heart ,no
1990,ACTRESS IN A SUPPORTING ROLE,Dances With Wolves ,no
1990,CINEMATOGRAPHY,Avalon,no
1990,CINEMATOGRAPHY,Dances With Wolves,yes
1990,CINEMATOGRAPHY,Dick Tracy,no
1990,CINEMATOGRAPHY,The Godfather; Part III,no
1990,CINEMATOGRAPHY,Henry & June,no
1990,COSTUME DESIGN,Avalon,no
1990,COSTUME DESIGN,Cyrano de Bergerac,yes
1990,COSTUME DESIGN,Dances With Wolves,no
1990,COSTUME DESIGN,Dick Tracy,no
1990,COSTUME DESIGN,Hamlet,no
1990,DIRECTING,Dances With Wolves,yes
1990,DIRECTING,The Godfather; Part III,no
1990,DIRECTING,Good Fellas,no
1990,DIRECTING,The Grifters,no
1990,DIRECTING,Reversal of Fortune,no
1990,FILM EDITING,Dances With Wolves,yes
1990,FILM EDITING,Ghost,no
1990,FILM EDITING,The Godfather; Part III,no
1990,FILM EDITING,Good Fellas,no
1990,FILM EDITING,The Hunt for Red October,no
1990,BEST PICTURE,Awakenings,no
1990,BEST PICTURE,Dances With Wolves,yes
1990,BEST PICTURE,Ghost,no
1990,BEST PICTURE,The Godfather; Part III,no
1990,BEST PICTURE,Good Fellas,no
1991,ACTOR IN A LEADING ROLE,Bugsy ,no
1991,ACTOR IN A LEADING ROLE,Cape Fear ,no
1991,ACTOR IN A LEADING ROLE,The Silence of the Lambs ,yes
1991,ACTOR IN A LEADING ROLE,The Prince of Tides ,no
1991,ACTOR IN A LEADING ROLE,The Fisher King ,no
1991,ACTOR IN A SUPPORTING ROLE,JFK ,no
1991,ACTOR IN A SUPPORTING ROLE,Bugsy ,no
1991,ACTOR IN A SUPPORTING ROLE,Bugsy ,no
1991,ACTOR IN A SUPPORTING ROLE,Barton Fink ,no
1991,ACTOR IN A SUPPORTING ROLE,City Slickers ,yes
1991,ACTRESS IN A LEADING ROLE,Thelma & Louise ,no
1991,ACTRESS IN A LEADING ROLE,Rambling Rose ,no
1991,ACTRESS IN A LEADING ROLE,The Silence of the Lambs ,yes
1991,ACTRESS IN A LEADING ROLE,For the Boys ,no
1991,ACTRESS IN A LEADING ROLE,Thelma & Louise ,no
1991,ACTRESS IN A SUPPORTING ROLE,Rambling Rose ,no
1991,ACTRESS IN A SUPPORTING ROLE,Cape Fear ,no
1991,ACTRESS IN A SUPPORTING ROLE,The Prince of Tides ,no
1991,ACTRESS IN A SUPPORTING ROLE,The Fisher King ,yes
1991,ACTRESS IN A SUPPORTING ROLE,Fried Green Tomatoes ,no
1991,CINEMATOGRAPHY,Bugsy,no
1991,COSTUME DESIGN,The Addams Family,no
1991,COSTUME DESIGN,Barton Fink,no
1991,COSTUME DESIGN,Bugsy,yes
1991,COSTUME DESIGN,Hook,no
1991,COSTUME DESIGN,Madame Bovary,no
1991,DIRECTING,Boyz N the Hood,no
1991,DIRECTING,Bugsy,no
1991,FILM EDITING,The Commitments,no
1991,BEST PICTURE,Beauty and the Beast,no
1991,BEST PICTURE,Bugsy,no
1992,ACTOR IN A LEADING ROLE,Chaplin ,no
1992,ACTOR IN A LEADING ROLE,Unforgiven ,no
1992,ACTOR IN A LEADING ROLE,Scent of a Woman ,yes
1992,ACTOR IN A LEADING ROLE,The Crying Game ,no
1992,ACTOR IN A LEADING ROLE,Malcolm X ,no
1992,ACTOR IN A SUPPORTING ROLE,The Crying Game ,no
1992,ACTOR IN A SUPPORTING ROLE,Unforgiven ,yes
1992,ACTOR IN A SUPPORTING ROLE,A Few Good Men ,no
1992,ACTOR IN A SUPPORTING ROLE,Glengarry Glen Ross ,no
1992,ACTOR IN A SUPPORTING ROLE,Mr. Saturday Night ,no
1992,ACTRESS IN A LEADING ROLE,Indochine ,no
1992,ACTRESS IN A LEADING ROLE,Passion Fish ,no
1992,ACTRESS IN A LEADING ROLE,Love Field ,no
1992,ACTRESS IN A LEADING ROLE,Lorenzo's Oil ,no
1992,ACTRESS IN A LEADING ROLE,Howards End ,yes
1992,ACTRESS IN A SUPPORTING ROLE,Husbands and Wives ,no
1992,ACTRESS IN A SUPPORTING ROLE,Enchanted April ,no
1992,ACTRESS IN A SUPPORTING ROLE,Howards End ,no
1992,ACTRESS IN A SUPPORTING ROLE,Damage ,no
1992,ACTRESS IN A SUPPORTING ROLE,My Cousin Vinny ,yes
1992,CINEMATOGRAPHY,Hoffa,no
1992,CINEMATOGRAPHY,Howards End,no
1992,CINEMATOGRAPHY,The Lover,no
1992,CINEMATOGRAPHY,A River Runs through It,yes
1992,CINEMATOGRAPHY,Unforgiven,no
1992,COSTUME DESIGN,Bram Stoker's Dracula,yes
1992,COSTUME DESIGN,Enchanted April,no
1992,COSTUME DESIGN,Howards End,no
1992,COSTUME DESIGN,Malcolm X,no
1992,COSTUME DESIGN,Toys,no
1992,DIRECTING,The Crying Game,no
1992,DIRECTING,Howards End,no
1992,DIRECTING,The Player,no
1992,DIRECTING,Scent of a Woman,no
1992,DIRECTING,Unforgiven,yes
1992,FILM EDITING,Basic Instinct,no
1992,FILM EDITING,The Crying Game,no
1992,FILM EDITING,A Few Good Men,no
1992,FILM EDITING,The Player,no
1992,FILM EDITING,Unforgiven,yes
1992,BEST PICTURE,The Crying Game,no
1992,BEST PICTURE,A Few Good Men,no
1992,BEST PICTURE,Howards End,no
1992,BEST PICTURE,Scent of a Woman,no
1992,BEST PICTURE,Unforgiven,yes
1993,ACTOR IN A LEADING ROLE,In the Name of the Father ,no
1993,ACTOR IN A LEADING ROLE,What's Love Got to Do with It ,no
1993,ACTOR IN A LEADING ROLE,Philadelphia ,yes
1993,ACTOR IN A LEADING ROLE,The Remains of the Day ,no
1993,ACTOR IN A LEADING ROLE,Schindler's List ,no
1993,ACTOR IN A SUPPORTING ROLE,What's Eating Gilbert Grape ,no
1993,ACTOR IN A SUPPORTING ROLE,Schindler's List ,no
1993,ACTOR IN A SUPPORTING ROLE,The Fugitive ,yes
1993,ACTOR IN A SUPPORTING ROLE,In the Line of Fire ,no
1993,ACTOR IN A SUPPORTING ROLE,In the Name of the Father ,no
1993,ACTRESS IN A LEADING ROLE,What's Love Got to Do with It ,no
1993,ACTRESS IN A LEADING ROLE,Six Degrees of Separation ,no
1993,ACTRESS IN A LEADING ROLE,The Piano ,yes
1993,ACTRESS IN A LEADING ROLE,The Remains of the Day ,no
1993,ACTRESS IN A LEADING ROLE,Shadowlands ,no
1993,ACTRESS IN A SUPPORTING ROLE,The Firm ,no
1993,ACTRESS IN A SUPPORTING ROLE,The Piano ,yes
1993,ACTRESS IN A SUPPORTING ROLE,Fearless ,no
1993,ACTRESS IN A SUPPORTING ROLE,The Age of Innocence ,no
1993,ACTRESS IN A SUPPORTING ROLE,In the Name of the Father ,no
1993,CINEMATOGRAPHY,Farewell My Concubine,no
1993,CINEMATOGRAPHY,The Fugitive,no
1993,CINEMATOGRAPHY,The Piano,no
1993,CINEMATOGRAPHY,Schindler's List,yes
1993,CINEMATOGRAPHY,Searching for Bobby Fischer,no
1993,COSTUME DESIGN,The Age of Innocence,yes
1993,COSTUME DESIGN,Orlando,no
1993,COSTUME DESIGN,The Piano,no
1993,COSTUME DESIGN,The Remains of the Day,no
1993,COSTUME DESIGN,Schindler's List,no
1993,DIRECTING,In the Name of the Father,no
1993,DIRECTING,The Piano,no
1993,DIRECTING,The Remains of the Day,no
1993,DIRECTING,Schindler's List,yes
1993,DIRECTING,Short Cuts,no
1993,FILM EDITING,The Fugitive,no
1993,FILM EDITING,In the Line of Fire,no
1993,FILM EDITING,In the Name of the Father,no
1993,FILM EDITING,The Piano,no
1993,FILM EDITING,Schindler's List,yes
1993,BEST PICTURE,The Fugitive,no
1993,BEST PICTURE,In the Name of the Father,no
1993,BEST PICTURE,The Piano,no
1993,BEST PICTURE,The Remains of the Day,no
1993,BEST PICTURE,Schindler's List,yes
1994,ACTOR IN A LEADING ROLE,The Shawshank Redemption ,no
1994,ACTOR IN A LEADING ROLE,Forrest Gump ,yes
1994,ACTOR IN A LEADING ROLE,The Madness of King George ,no
1994,ACTOR IN A LEADING ROLE,Nobody's Fool ,no
1994,ACTOR IN A LEADING ROLE,Pulp Fiction ,no
1994,ACTOR IN A SUPPORTING ROLE,Pulp Fiction ,no
1994,ACTOR IN A SUPPORTING ROLE,Ed Wood ,yes
1994,ACTOR IN A SUPPORTING ROLE,Bullets over Broadway ,no
1994,ACTOR IN A SUPPORTING ROLE,Quiz Show ,no
1994,ACTOR IN A SUPPORTING ROLE,Forrest Gump ,no
1994,ACTRESS IN A LEADING ROLE,Nell ,no
1994,ACTRESS IN A LEADING ROLE,Blue Sky ,yes
1994,ACTRESS IN A LEADING ROLE,Tom & Viv ,no
1994,ACTRESS IN A LEADING ROLE,Little Women ,no
1994,ACTRESS IN A LEADING ROLE,The Client ,no
1994,ACTRESS IN A SUPPORTING ROLE,Tom & Viv ,no
1994,ACTRESS IN A SUPPORTING ROLE,The Madness of King George ,no
1994,ACTRESS IN A SUPPORTING ROLE,Pulp Fiction ,no
1994,ACTRESS IN A SUPPORTING ROLE,Bullets over Broadway ,no
1994,ACTRESS IN A SUPPORTING ROLE,Bullets over Broadway ,yes
1994,CINEMATOGRAPHY,Forrest Gump,no
1994,CINEMATOGRAPHY,Legends of the Fall,yes
1994,CINEMATOGRAPHY,Red,no
1994,CINEMATOGRAPHY,The Shawshank Redemption,no
1994,CINEMATOGRAPHY,Wyatt Earp,no
1994,COSTUME DESIGN,The Adventures of Priscilla; Queen of the Desert,yes
1994,COSTUME DESIGN,Bullets over Broadway,no
1994,COSTUME DESIGN,Little Women,no
1994,COSTUME DESIGN,Maverick,no
1994,COSTUME DESIGN,Queen Margot,no
1994,DIRECTING,Bullets over Broadway,no
1994,DIRECTING,Forrest Gump,yes
1994,DIRECTING,Pulp Fiction,no
1994,DIRECTING,Quiz Show,no
1994,DIRECTING,Red,no
1994,FILM EDITING,Forrest Gump,yes
1994,FILM EDITING,Hoop Dreams,no
1994,FILM EDITING,Pulp Fiction,no
1994,FILM EDITING,The Shawshank Redemption,no
1994,FILM EDITING,Speed,no
1994,BEST PICTURE,Forrest Gump,yes
1994,BEST PICTURE,Four Weddings and a Funeral,no
1994,BEST PICTURE,Pulp Fiction,no
1994,BEST PICTURE,Quiz Show,no
1994,BEST PICTURE,The Shawshank Redemption,no
1995,ACTOR IN A LEADING ROLE,Leaving Las Vegas ,yes
1995,ACTOR IN A LEADING ROLE,Mr. Holland's Opus ,no
1995,ACTOR IN A LEADING ROLE,Nixon ,no
1995,ACTOR IN A LEADING ROLE,Dead Man Walking ,no
1995,ACTOR IN A LEADING ROLE,The Postman (Il Postino) ,no
1995,ACTOR IN A SUPPORTING ROLE,Babe ,no
1995,ACTOR IN A SUPPORTING ROLE,Apollo 13 ,no
1995,ACTOR IN A SUPPORTING ROLE,12 Monkeys ,no
1995,ACTOR IN A SUPPORTING ROLE,Rob Roy ,no
1995,ACTOR IN A SUPPORTING ROLE,The Usual Suspects ,yes
1995,ACTRESS IN A LEADING ROLE,Dead Man Walking ,yes
1995,ACTRESS IN A LEADING ROLE,Leaving Las Vegas ,no
1995,ACTRESS IN A LEADING ROLE,Casino ,no
1995,ACTRESS IN A LEADING ROLE,The Bridges of Madison County ,no
1995,ACTRESS IN A LEADING ROLE,Sense and Sensibility ,no
1995,ACTRESS IN A SUPPORTING ROLE,Nixon ,no
1995,ACTRESS IN A SUPPORTING ROLE,Apollo 13 ,no
1995,ACTRESS IN A SUPPORTING ROLE,Mighty Aphrodite ,yes
1995,ACTRESS IN A SUPPORTING ROLE,Georgia ,no
1995,ACTRESS IN A SUPPORTING ROLE,Sense and Sensibility ,no
1995,CINEMATOGRAPHY,Batman Forever,no
1995,CINEMATOGRAPHY,Braveheart,yes
1995,CINEMATOGRAPHY,A Little Princess,no
1995,CINEMATOGRAPHY,Sense and Sensibility,no
1995,CINEMATOGRAPHY,Shanghai Triad,no
1995,COSTUME DESIGN,Braveheart,no
1995,COSTUME DESIGN,Restoration,yes
1995,COSTUME DESIGN,Richard III,no
1995,COSTUME DESIGN,Sense and Sensibility,no
1995,COSTUME DESIGN,12 Monkeys,no
1995,DIRECTING,Babe,no
1995,DIRECTING,Braveheart,yes
1995,DIRECTING,Dead Man Walking,no
1995,DIRECTING,Leaving Las Vegas,no
1995,DIRECTING,The Postman (Il Postino),no
1995,FILM EDITING,Apollo 13,yes
1995,FILM EDITING,Babe,no
1995,FILM EDITING,Braveheart,no
1995,FILM EDITING,Crimson Tide,no
1995,FILM EDITING,Seven,no
1995,BEST PICTURE,Apollo 13,no
1995,BEST PICTURE,Babe,no
1995,BEST PICTURE,Braveheart,yes
1995,BEST PICTURE,The Postman (Il Postino),no
1995,BEST PICTURE,Sense and Sensibility,no
1996,ACTOR IN A LEADING ROLE,Jerry Maguire ,no
1996,ACTOR IN A LEADING ROLE,The English Patient ,no
1996,ACTOR IN A LEADING ROLE,The People vs. Larry Flynt ,no
1996,ACTOR IN A LEADING ROLE,Shine ,yes
1996,ACTOR IN A LEADING ROLE,Sling Blade ,no
1996,ACTOR IN A SUPPORTING ROLE,Jerry Maguire ,yes
1996,ACTOR IN A SUPPORTING ROLE,Fargo ,no
1996,ACTOR IN A SUPPORTING ROLE,Shine ,no
1996,ACTOR IN A SUPPORTING ROLE,Primal Fear ,no
1996,ACTOR IN A SUPPORTING ROLE,Ghosts of Mississippi ,no
1996,ACTRESS IN A LEADING ROLE,Secrets & Lies ,no
1996,ACTRESS IN A LEADING ROLE,Marvin's Room ,no
1996,ACTRESS IN A LEADING ROLE,Fargo ,yes
1996,ACTRESS IN A LEADING ROLE,The English Patient ,no
1996,ACTRESS IN A LEADING ROLE,Breaking the Waves ,no
1996,ACTRESS IN A SUPPORTING ROLE,The Crucible ,no
1996,ACTRESS IN A SUPPORTING ROLE,The Mirror Has Two Faces ,no
1996,ACTRESS IN A SUPPORTING ROLE,The English Patient ,yes
1996,ACTRESS IN A SUPPORTING ROLE,The Portrait of a Lady ,no
1996,ACTRESS IN A SUPPORTING ROLE,Secrets & Lies ,no
1996,CINEMATOGRAPHY,The English Patient,yes
1996,CINEMATOGRAPHY,Evita,no
1996,CINEMATOGRAPHY,Fargo,no
1996,CINEMATOGRAPHY,Fly Away Home,no
1996,CINEMATOGRAPHY,Michael Collins,no
1996,COSTUME DESIGN,Angels and Insects,no
1996,COSTUME DESIGN,Emma,no
1996,COSTUME DESIGN,The English Patient,yes
1996,COSTUME DESIGN,Hamlet,no
1996,COSTUME DESIGN,The Portrait of a Lady,no
1996,DIRECTING,The English Patient,yes
1996,DIRECTING,Fargo,no
1996,DIRECTING,The People vs. Larry Flynt,no
1996,DIRECTING,Secrets & Lies,no
1996,DIRECTING,Shine,no
1996,FILM EDITING,The English Patient,yes
1996,FILM EDITING,Evita,no
1996,FILM EDITING,Fargo,no
1996,FILM EDITING,Jerry Maguire,no
1996,FILM EDITING,Shine,no
1996,BEST PICTURE,The English Patient,yes
1996,BEST PICTURE,Fargo,no
1996,BEST PICTURE,Jerry Maguire,no
1996,BEST PICTURE,Secrets & Lies,no
1996,BEST PICTURE,Shine,no
1997,ACTOR IN A LEADING ROLE,Good Will Hunting ,no
1997,ACTOR IN A LEADING ROLE,The Apostle ,no
1997,ACTOR IN A LEADING ROLE,Ulee's Gold ,no
1997,ACTOR IN A LEADING ROLE,Wag the Dog ,no
1997,ACTOR IN A LEADING ROLE,As Good as It Gets ,yes
1997,ACTOR IN A SUPPORTING ROLE,Jackie Brown ,no
1997,ACTOR IN A SUPPORTING ROLE,Amistad ,no
1997,ACTOR IN A SUPPORTING ROLE,As Good as It Gets ,no
1997,ACTOR IN A SUPPORTING ROLE,Boogie Nights ,no
1997,ACTOR IN A SUPPORTING ROLE,Good Will Hunting ,yes
1997,ACTRESS IN A LEADING ROLE,The Wings of the Dove ,no
1997,ACTRESS IN A LEADING ROLE,Afterglow ,no
1997,ACTRESS IN A LEADING ROLE,Mrs. Brown ,no
1997,ACTRESS IN A LEADING ROLE,As Good as It Gets ,yes
1997,ACTRESS IN A LEADING ROLE,Titanic ,no
1997,ACTRESS IN A SUPPORTING ROLE,L.A. Confidential ,yes
1997,ACTRESS IN A SUPPORTING ROLE,In & Out ,no
1997,ACTRESS IN A SUPPORTING ROLE,Good Will Hunting ,no
1997,ACTRESS IN A SUPPORTING ROLE,Boogie Nights ,no
1997,ACTRESS IN A SUPPORTING ROLE,Titanic ,no
1997,CINEMATOGRAPHY,Amistad,no
1997,CINEMATOGRAPHY,Kundun,no
1997,CINEMATOGRAPHY,L.A. Confidential,no
1997,CINEMATOGRAPHY,Titanic,yes
1997,CINEMATOGRAPHY,The Wings of the Dove,no
1997,COSTUME DESIGN,Amistad,no
1997,COSTUME DESIGN,Kundun,no
1997,COSTUME DESIGN,Oscar and Lucinda,no
1997,COSTUME DESIGN,Titanic,yes
1997,COSTUME DESIGN,The Wings of the Dove,no
1997,DIRECTING,The Full Monty,no
1997,DIRECTING,Good Will Hunting,no
1997,DIRECTING,L.A. Confidential,no
1997,DIRECTING,The Sweet Hereafter,no
1997,DIRECTING,Titanic,yes
1997,FILM EDITING,Air Force One,no
1997,FILM EDITING,As Good as It Gets,no
1997,FILM EDITING,Good Will Hunting,no
1997,FILM EDITING,L.A. Confidential,no
1997,FILM EDITING,Titanic,yes
1997,BEST PICTURE,As Good as It Gets,no
1997,BEST PICTURE,The Full Monty,no
1997,BEST PICTURE,Good Will Hunting,no
1997,BEST PICTURE,L.A. Confidential,no
1997,BEST PICTURE,Titanic,yes
1998,ACTOR IN A LEADING ROLE,Life Is Beautiful ,yes
1998,ACTOR IN A LEADING ROLE,Saving Private Ryan ,no
1998,ACTOR IN A LEADING ROLE,Gods and Monsters ,no
1998,ACTOR IN A LEADING ROLE,Affliction ,no
1998,ACTOR IN A LEADING ROLE,American History X ,no
1998,ACTOR IN A SUPPORTING ROLE,Affliction ,yes
1998,ACTOR IN A SUPPORTING ROLE,A Civil Action ,no
1998,ACTOR IN A SUPPORTING ROLE,The Truman Show ,no
1998,ACTOR IN A SUPPORTING ROLE,Shakespeare in Love ,no
1998,ACTOR IN A SUPPORTING ROLE,A Simple Plan ,no
1998,ACTRESS IN A LEADING ROLE,Elizabeth ,no
1998,ACTRESS IN A LEADING ROLE,Central Station ,no
1998,ACTRESS IN A LEADING ROLE,Shakespeare in Love ,yes
1998,ACTRESS IN A LEADING ROLE,One True Thing ,no
1998,ACTRESS IN A LEADING ROLE,Hilary and Jackie ,no
1998,ACTRESS IN A SUPPORTING ROLE,Primary Colors ,no
1998,ACTRESS IN A SUPPORTING ROLE,Little Voice ,no
1998,ACTRESS IN A SUPPORTING ROLE,Shakespeare in Love ,yes
1998,ACTRESS IN A SUPPORTING ROLE,Hilary and Jackie ,no
1998,ACTRESS IN A SUPPORTING ROLE,Gods and Monsters ,no
1998,CINEMATOGRAPHY,A Civil Action,no
1998,CINEMATOGRAPHY,Elizabeth,no
1998,CINEMATOGRAPHY,Saving Private Ryan,yes
1998,CINEMATOGRAPHY,Shakespeare in Love,no
1998,CINEMATOGRAPHY,The Thin Red Line,no
1998,COSTUME DESIGN,Beloved,no
1998,COSTUME DESIGN,Elizabeth,no
1998,COSTUME DESIGN,Pleasantville,no
1998,COSTUME DESIGN,Shakespeare in Love,yes
1998,COSTUME DESIGN,Velvet Goldmine,no
1998,DIRECTING,Life Is Beautiful,no
1998,DIRECTING,Saving Private Ryan,yes
1998,DIRECTING,Shakespeare in Love,no
1998,DIRECTING,The Thin Red Line,no
1998,DIRECTING,The Truman Show,no
1998,FILM EDITING,Life Is Beautiful,no
1998,FILM EDITING,Out of Sight,no
1998,FILM EDITING,Saving Private Ryan,yes
1998,FILM EDITING,Shakespeare in Love,no
1998,FILM EDITING,The Thin Red Line,no
1998,BEST PICTURE,Elizabeth,no
1998,BEST PICTURE,Life Is Beautiful,no
1998,BEST PICTURE,Saving Private Ryan,no
1998,BEST PICTURE,Shakespeare in Love,yes
1998,BEST PICTURE,The Thin Red Line,no
1999,ACTOR IN A LEADING ROLE,The Insider ,no
1999,ACTOR IN A LEADING ROLE,The Straight Story ,no
1999,ACTOR IN A LEADING ROLE,Sweet and Lowdown ,no
1999,ACTOR IN A LEADING ROLE,American Beauty ,yes
1999,ACTOR IN A LEADING ROLE,The Hurricane ,no
1999,ACTOR IN A SUPPORTING ROLE,The Cider House Rules ,yes
1999,ACTOR IN A SUPPORTING ROLE,Magnolia ,no
1999,ACTOR IN A SUPPORTING ROLE,The Green Mile ,no
1999,ACTOR IN A SUPPORTING ROLE,The Talented Mr. Ripley ,no
1999,ACTOR IN A SUPPORTING ROLE,The Sixth Sense ,no
1999,ACTRESS IN A LEADING ROLE,American Beauty ,no
1999,ACTRESS IN A LEADING ROLE,Tumbleweeds ,no
1999,ACTRESS IN A LEADING ROLE,The End of the Affair ,no
1999,ACTRESS IN A LEADING ROLE,Music of the Heart ,no
1999,ACTRESS IN A LEADING ROLE,Boys Don't Cry ,yes
1999,ACTRESS IN A SUPPORTING ROLE,The Sixth Sense ,no
1999,ACTRESS IN A SUPPORTING ROLE,Girl; Interrupted ,yes
1999,ACTRESS IN A SUPPORTING ROLE,Being John Malkovich ,no
1999,ACTRESS IN A SUPPORTING ROLE,Sweet and Lowdown ,no
1999,ACTRESS IN A SUPPORTING ROLE,Boys Don't Cry ,no
1999,CINEMATOGRAPHY,American Beauty,yes
1999,CINEMATOGRAPHY,The End of the Affair,no
1999,CINEMATOGRAPHY,The Insider,no
1999,CINEMATOGRAPHY,Sleepy Hollow,no
1999,CINEMATOGRAPHY,Snow Falling on Cedars,no
1999,COSTUME DESIGN,Anna and the King,no
1999,COSTUME DESIGN,Sleepy Hollow,no
1999,COSTUME DESIGN,The Talented Mr. Ripley,no
1999,COSTUME DESIGN,Titus,no
1999,COSTUME DESIGN,Topsy-Turvy,yes
1999,DIRECTING,American Beauty,yes
1999,DIRECTING,Being John Malkovich,no
1999,DIRECTING,The Cider House Rules,no
1999,DIRECTING,The Insider,no
1999,DIRECTING,The Sixth Sense,no
1999,FILM EDITING,American Beauty,no
1999,FILM EDITING,The Cider House Rules,no
1999,FILM EDITING,The Insider,no
1999,FILM EDITING,The Matrix,yes
1999,FILM EDITING,The Sixth Sense,no
1999,BEST PICTURE,American Beauty,yes
1999,BEST PICTURE,The Cider House Rules,no
1999,BEST PICTURE,The Green Mile,no
1999,BEST PICTURE,The Insider,no
1999,BEST PICTURE,The Sixth Sense,no
2000,ACTOR IN A LEADING ROLE,Before Night Falls ,no
2000,ACTOR IN A LEADING ROLE,Gladiator ,yes
2000,ACTOR IN A LEADING ROLE,Cast Away ,no
2000,ACTOR IN A LEADING ROLE,Pollock ,no
2000,ACTOR IN A LEADING ROLE,Quills ,no
2000,ACTOR IN A SUPPORTING ROLE,The Contender ,no
2000,ACTOR IN A SUPPORTING ROLE,Shadow of the Vampire ,no
2000,ACTOR IN A SUPPORTING ROLE,Traffic ,yes
2000,ACTOR IN A SUPPORTING ROLE,Erin Brockovich ,no
2000,ACTOR IN A SUPPORTING ROLE,Gladiator ,no
2000,ACTRESS IN A LEADING ROLE,The Contender ,no
2000,ACTRESS IN A LEADING ROLE,Chocolat ,no
2000,ACTRESS IN A LEADING ROLE,Requiem for a Dream ,no
2000,ACTRESS IN A LEADING ROLE,You Can Count on Me ,no
2000,ACTRESS IN A LEADING ROLE,Erin Brockovich ,yes
2000,ACTRESS IN A SUPPORTING ROLE,Chocolat ,no
2000,ACTRESS IN A SUPPORTING ROLE,Pollock ,yes
2000,ACTRESS IN A SUPPORTING ROLE,Almost Famous ,no
2000,ACTRESS IN A SUPPORTING ROLE,Almost Famous ,no
2000,ACTRESS IN A SUPPORTING ROLE,Billy Elliot ,no
2000,CINEMATOGRAPHY,Crouching Tiger; Hidden Dragon,yes
2000,CINEMATOGRAPHY,Gladiator,no
2000,CINEMATOGRAPHY,Mal?na,no
2000,CINEMATOGRAPHY,O Brother; Where Art Thou?,no
2000,CINEMATOGRAPHY,The Patriot,no
2000,COSTUME DESIGN,Crouching Tiger; Hidden Dragon,no
2000,COSTUME DESIGN,Dr. Seuss' How the Grinch Stole Christmas,no
2000,COSTUME DESIGN,Gladiator,yes
2000,COSTUME DESIGN,102 Dalmatians,no
2000,COSTUME DESIGN,Quills,no
2000,DIRECTING,Billy Elliot,no
2000,DIRECTING,Crouching Tiger; Hidden Dragon,no
2000,DIRECTING,Erin Brockovich,no
2000,DIRECTING,Gladiator,no
2000,DIRECTING,Traffic,yes
2000,FILM EDITING,Almost Famous,no
2000,FILM EDITING,Crouching Tiger; Hidden Dragon,no
2000,FILM EDITING,Gladiator,no
2000,FILM EDITING,Traffic,yes
2000,FILM EDITING,Wonder Boys,no
2000,BEST PICTURE,Chocolat,no
2000,BEST PICTURE,Crouching Tiger; Hidden Dragon,no
2000,BEST PICTURE,Erin Brockovich,no
2000,BEST PICTURE,Gladiator,yes
2000,BEST PICTURE,Traffic,no
2000,SOUND EDITING,Space Cowboys,no
2000,SOUND EDITING,U-571,yes
2001,ACTOR IN A LEADING ROLE,A Beautiful Mind ,no
2001,ACTOR IN A LEADING ROLE,I Am Sam ,no
2001,ACTOR IN A LEADING ROLE,Ali ,no
2001,ACTOR IN A LEADING ROLE,Training Day ,yes
2001,ACTOR IN A LEADING ROLE,In the Bedroom ,no
2001,ACTOR IN A SUPPORTING ROLE,Iris ,yes
2001,ACTOR IN A SUPPORTING ROLE,Training Day ,no
2001,ACTOR IN A SUPPORTING ROLE,Sexy Beast ,no
2001,ACTOR IN A SUPPORTING ROLE,The Lord of the Rings: The Fellowship of the Ring ,no
2001,ACTOR IN A SUPPORTING ROLE,Ali ,no
2001,ACTRESS IN A LEADING ROLE,Monster's Ball ,yes
2001,ACTRESS IN A LEADING ROLE,Iris ,no
2001,ACTRESS IN A LEADING ROLE,Moulin Rouge ,no
2001,ACTRESS IN A LEADING ROLE,In the Bedroom ,no
2001,ACTRESS IN A LEADING ROLE,Bridget Jones's Diary ,no
2001,ACTRESS IN A SUPPORTING ROLE,A Beautiful Mind ,yes
2001,ACTRESS IN A SUPPORTING ROLE,Gosford Park ,no
2001,ACTRESS IN A SUPPORTING ROLE,Gosford Park ,no
2001,ACTRESS IN A SUPPORTING ROLE,In the Bedroom ,no
2001,ACTRESS IN A SUPPORTING ROLE,Iris ,no
2001,CINEMATOGRAPHY,Am?lie,no
2001,CINEMATOGRAPHY,Black Hawk Down,no
2001,CINEMATOGRAPHY,The Lord of the Rings: The Fellowship of the Ring,yes
2001,CINEMATOGRAPHY,The Man Who Wasn't There,no
2001,CINEMATOGRAPHY,Moulin Rouge,no
2001,COSTUME DESIGN,The Affair of the Necklace,no
2001,COSTUME DESIGN,Gosford Park,no
2001,COSTUME DESIGN,Harry Potter and the Sorcerer's Stone,no
2001,COSTUME DESIGN,The Lord of the Rings: The Fellowship of the Ring,no
2001,COSTUME DESIGN,Moulin Rouge,yes
2001,DIRECTING,A Beautiful Mind,yes
2001,DIRECTING,Black Hawk Down,no
2001,DIRECTING,Gosford Park,no
2001,DIRECTING,The Lord of the Rings: The Fellowship of the Ring,no
2001,DIRECTING,Mulholland Drive,no
2001,FILM EDITING,A Beautiful Mind,no
2001,FILM EDITING,Black Hawk Down,yes
2001,FILM EDITING,The Lord of the Rings: The Fellowship of the Ring,no
2001,FILM EDITING,Memento,no
2001,FILM EDITING,Moulin Rouge,no
2001,BEST PICTURE,A Beautiful Mind,yes
2001,BEST PICTURE,Gosford Park,no
2001,BEST PICTURE,In the Bedroom,no
2001,BEST PICTURE,The Lord of the Rings: The Fellowship of the Ring,no
2001,BEST PICTURE,Moulin Rouge,no
2001,SOUND EDITING,Monsters; Inc.,no
2001,SOUND EDITING,Pearl Harbor,yes
2002,ACTOR IN A LEADING ROLE,The Pianist ,yes
2002,ACTOR IN A LEADING ROLE,Adaptation ,no
2002,ACTOR IN A LEADING ROLE,The Quiet American ,no
2002,ACTOR IN A LEADING ROLE,Gangs of New York ,no
2002,ACTOR IN A LEADING ROLE,About Schmidt ,no
2002,ACTOR IN A SUPPORTING ROLE,Adaptation ,yes
2002,ACTOR IN A SUPPORTING ROLE,The Hours ,no
2002,ACTOR IN A SUPPORTING ROLE,Road to Perdition ,no
2002,ACTOR IN A SUPPORTING ROLE,Chicago ,no
2002,ACTOR IN A SUPPORTING ROLE,Catch Me If You Can ,no
2002,ACTRESS IN A LEADING ROLE,Frida ,no
2002,ACTRESS IN A LEADING ROLE,The Hours ,yes
2002,ACTRESS IN A LEADING ROLE,Unfaithful ,no
2002,ACTRESS IN A LEADING ROLE,Far from Heaven ,no
2002,ACTRESS IN A LEADING ROLE,Chicago ,no
2002,ACTRESS IN A SUPPORTING ROLE,About Schmidt ,no
2002,ACTRESS IN A SUPPORTING ROLE,The Hours ,no
2002,ACTRESS IN A SUPPORTING ROLE,Chicago ,no
2002,ACTRESS IN A SUPPORTING ROLE,Adaptation ,no
2002,ACTRESS IN A SUPPORTING ROLE,Chicago ,yes
2002,CINEMATOGRAPHY,Chicago,no
2002,CINEMATOGRAPHY,Far from Heaven,no
2002,CINEMATOGRAPHY,Gangs of New York,no
2002,CINEMATOGRAPHY,The Pianist,no
2002,CINEMATOGRAPHY,Road to Perdition,yes
2002,COSTUME DESIGN,Chicago,yes
2002,COSTUME DESIGN,Frida,no
2002,COSTUME DESIGN,Gangs of New York,no
2002,COSTUME DESIGN,The Hours,no
2002,COSTUME DESIGN,The Pianist,no
2002,DIRECTING,Chicago,no
2002,DIRECTING,Gangs of New York,no
2002,DIRECTING,The Hours,no
2002,DIRECTING,The Pianist,yes
2002,DIRECTING,Talk to Her,no
2002,FILM EDITING,Chicago,yes
2002,FILM EDITING,Gangs of New York,no
2002,FILM EDITING,The Hours,no
2002,FILM EDITING,The Lord of the Rings: The Two Towers,no
2002,FILM EDITING,The Pianist,no
2002,BEST PICTURE,Chicago,yes
2002,BEST PICTURE,Gangs of New York,no
2002,BEST PICTURE,The Hours,no
2002,BEST PICTURE,The Lord of the Rings: The Two Towers,no
2002,BEST PICTURE,The Pianist,no
2002,SOUND EDITING,The Lord of the Rings: The Two Towers,yes
2002,SOUND EDITING,Minority Report,no
2002,SOUND EDITING,Road to Perdition,no
2003,ACTOR IN A LEADING ROLE,Pirates of the Caribbean: The Curse of the Black P,no
2003,ACTOR IN A LEADING ROLE,House of Sand and Fog ,no
2003,ACTOR IN A LEADING ROLE,Cold Mountain ,no
2003,ACTOR IN A LEADING ROLE,Lost in Translation ,no
2003,ACTOR IN A LEADING ROLE,Mystic River ,yes
2003,ACTOR IN A SUPPORTING ROLE,The Cooler ,no
2003,ACTOR IN A SUPPORTING ROLE,21 Grams ,no
2003,ACTOR IN A SUPPORTING ROLE,In America ,no
2003,ACTOR IN A SUPPORTING ROLE,Mystic River ,yes
2003,ACTOR IN A SUPPORTING ROLE,The Last Samurai ,no
2003,ACTRESS IN A LEADING ROLE,Whale Rider ,no
2003,ACTRESS IN A LEADING ROLE,Something's Gotta Give ,no
2003,ACTRESS IN A LEADING ROLE,In America ,no
2003,ACTRESS IN A LEADING ROLE,Monster ,yes
2003,ACTRESS IN A LEADING ROLE,21 Grams ,no
2003,ACTRESS IN A SUPPORTING ROLE,House of Sand and Fog ,no
2003,ACTRESS IN A SUPPORTING ROLE,Pieces of April ,no
2003,ACTRESS IN A SUPPORTING ROLE,Mystic River ,no
2003,ACTRESS IN A SUPPORTING ROLE,Thirteen ,no
2003,ACTRESS IN A SUPPORTING ROLE,Cold Mountain ,yes
2003,CINEMATOGRAPHY,City of God,no
2003,CINEMATOGRAPHY,Cold Mountain,no
2003,CINEMATOGRAPHY,Girl with a Pearl Earring,no
2003,CINEMATOGRAPHY,Master and Commander: The Far Side of the World,yes
2003,CINEMATOGRAPHY,Seabiscuit,no
2003,COSTUME DESIGN,Girl with a Pearl Earring,no
2003,COSTUME DESIGN,The Last Samurai,no
2003,COSTUME DESIGN,The Lord of the Rings: The Return of the King,yes
2003,COSTUME DESIGN,Master and Commander: The Far Side of the World,no
2003,COSTUME DESIGN,Seabiscuit,no
2003,DIRECTING,City of God,no
2003,DIRECTING,The Lord of the Rings: The Return of the King,yes
2003,DIRECTING,Lost in Translation,no
2003,DIRECTING,Master and Commander: The Far Side of the World,no
2003,DIRECTING,Mystic River,no
2003,FILM EDITING,City of God,no
2003,FILM EDITING,Cold Mountain,no
2003,FILM EDITING,The Lord of the Rings: The Return of the King,yes
2003,FILM EDITING,Master and Commander: The Far Side of the World,no
2003,FILM EDITING,Seabiscuit,no
2003,BEST PICTURE,The Lord of the Rings: The Return of the King,yes
2003,BEST PICTURE,Lost in Translation,no
2003,BEST PICTURE,Master and Commander: The Far Side of the World,no
2003,BEST PICTURE,Mystic River,no
2003,BEST PICTURE,Seabiscuit,no
2003,SOUND EDITING,Finding Nemo,no
2003,SOUND EDITING,Master and Commander: The Far Side of the World,yes
2003,SOUND EDITING,Pirates of the Caribbean: The Curse of the Black P,no
2003,SOUND MIXING,The Last Samurai,no
2003,SOUND MIXING,The Lord of the Rings: The Return of the King,yes
2003,SOUND MIXING,Master and Commander: The Far Side of the World,no
2003,SOUND MIXING,Pirates of the Caribbean: The Curse of the Black P,no
2003,SOUND MIXING,Seabiscuit,no
2004,ACTOR IN A LEADING ROLE,Hotel Rwanda ,no
2004,ACTOR IN A LEADING ROLE,Finding Neverland ,no
2004,ACTOR IN A LEADING ROLE,The Aviator ,no
2004,ACTOR IN A LEADING ROLE,Million Dollar Baby ,no
2004,ACTOR IN A LEADING ROLE,Ray ,yes
2004,ACTOR IN A SUPPORTING ROLE,The Aviator ,no
2004,ACTOR IN A SUPPORTING ROLE,Sideways ,no
2004,ACTOR IN A SUPPORTING ROLE,Collateral ,no
2004,ACTOR IN A SUPPORTING ROLE,Million Dollar Baby ,yes
2004,ACTOR IN A SUPPORTING ROLE,Closer ,no
2004,ACTRESS IN A LEADING ROLE,Being Julia ,no
2004,ACTRESS IN A LEADING ROLE,Maria Full of Grace ,no
2004,ACTRESS IN A LEADING ROLE,Vera Drake ,no
2004,ACTRESS IN A LEADING ROLE,Million Dollar Baby ,yes
2004,ACTRESS IN A LEADING ROLE,Eternal Sunshine of the Spotless Mind ,no
2004,ACTRESS IN A SUPPORTING ROLE,The Aviator ,yes
2004,ACTRESS IN A SUPPORTING ROLE,Kinsey ,no
2004,ACTRESS IN A SUPPORTING ROLE,Sideways ,no
2004,ACTRESS IN A SUPPORTING ROLE,Hotel Rwanda ,no
2004,ACTRESS IN A SUPPORTING ROLE,Closer ,no
2004,CINEMATOGRAPHY,The Aviator,yes
2004,CINEMATOGRAPHY,House of Flying Daggers,no
2004,CINEMATOGRAPHY,The Passion of the Christ,no
2004,CINEMATOGRAPHY,The Phantom of the Opera,no
2004,CINEMATOGRAPHY,A Very Long Engagement,no
2004,COSTUME DESIGN,The Aviator,yes
2004,COSTUME DESIGN,Finding Neverland,no
2004,COSTUME DESIGN,Lemony Snicket's A Series of Unfortunate Events,no
2004,COSTUME DESIGN,Ray,no
2004,COSTUME DESIGN,Troy,no
2004,DIRECTING,The Aviator,no
2004,DIRECTING,Million Dollar Baby,yes
2004,DIRECTING,Ray,no
2004,DIRECTING,Sideways,no
2004,DIRECTING,Vera Drake,no
2004,FILM EDITING,The Aviator,yes
2004,FILM EDITING,Collateral,no
2004,FILM EDITING,Finding Neverland,no
2004,FILM EDITING,Million Dollar Baby,no
2004,FILM EDITING,Ray,no
2004,BEST PICTURE,The Aviator,no
2004,BEST PICTURE,Finding Neverland,no
2004,BEST PICTURE,Million Dollar Baby,yes
2004,BEST PICTURE,Ray,no
2004,BEST PICTURE,Sideways,no
2004,SOUND EDITING,The Incredibles,yes
2004,SOUND EDITING,The Polar Express,no
2004,SOUND EDITING,Spider-Man 2,no
2004,SOUND MIXING,The Aviator,no
2004,SOUND MIXING,The Incredibles,no
2004,SOUND MIXING,The Polar Express,no
2004,SOUND MIXING,Ray,yes
2004,SOUND MIXING,Spider-Man 2,no
2005,ACTOR IN A LEADING ROLE,Capote ,yes
2005,ACTOR IN A LEADING ROLE,Hustle & Flow ,no
2005,ACTOR IN A LEADING ROLE,Brokeback Mountain ,no
2005,ACTOR IN A LEADING ROLE,Walk the Line ,no
2005,ACTOR IN A LEADING ROLE,Good Night; and Good Luck. ,no
2005,ACTOR IN A SUPPORTING ROLE,Syriana ,yes
2005,ACTOR IN A SUPPORTING ROLE,Crash ,no
2005,ACTOR IN A SUPPORTING ROLE,Cinderella Man ,no
2005,ACTOR IN A SUPPORTING ROLE,Brokeback Mountain ,no
2005,ACTOR IN A SUPPORTING ROLE,A History of Violence ,no
2005,ACTRESS IN A LEADING ROLE,Mrs. Henderson Presents ,no
2005,ACTRESS IN A LEADING ROLE,Transamerica ,no
2005,ACTRESS IN A LEADING ROLE,Pride & Prejudice ,no
2005,ACTRESS IN A LEADING ROLE,North Country ,no
2005,ACTRESS IN A LEADING ROLE,Walk the Line ,yes
2005,ACTRESS IN A SUPPORTING ROLE,Junebug ,no
2005,ACTRESS IN A SUPPORTING ROLE,Capote ,no
2005,ACTRESS IN A SUPPORTING ROLE,North Country ,no
2005,ACTRESS IN A SUPPORTING ROLE,The Constant Gardener ,yes
2005,ACTRESS IN A SUPPORTING ROLE,Brokeback Mountain ,no
2005,CINEMATOGRAPHY,Batman Begins,no
2005,CINEMATOGRAPHY,Brokeback Mountain,no
2005,CINEMATOGRAPHY,Good Night; and Good Luck.,no
2005,CINEMATOGRAPHY,Memoirs of a Geisha,yes
2005,CINEMATOGRAPHY,The New World,no
2005,COSTUME DESIGN,Charlie and the Chocolate Factory,no
2005,COSTUME DESIGN,Memoirs of a Geisha,yes
2005,COSTUME DESIGN,Mrs. Henderson Presents,no
2005,COSTUME DESIGN,Pride & Prejudice,no
2005,COSTUME DESIGN,Walk the Line,no
2005,DIRECTING,Brokeback Mountain,yes
2005,DIRECTING,Capote,no
2005,DIRECTING,Crash,no
2005,DIRECTING,Good Night; and Good Luck.,no
2005,DIRECTING,Munich,no
2005,FILM EDITING,Cinderella Man,no
2005,FILM EDITING,The Constant Gardener,no
2005,FILM EDITING,Crash,yes
2005,FILM EDITING,Munich,no
2005,FILM EDITING,Walk the Line,no
2005,BEST PICTURE,Brokeback Mountain,no
2005,BEST PICTURE,Capote,no
2005,BEST PICTURE,Crash,yes
2005,BEST PICTURE,Good Night; and Good Luck.,no
2005,BEST PICTURE,Munich,no
2005,SOUND EDITING,King Kong,yes
2005,SOUND EDITING,Memoirs of a Geisha,no
2005,SOUND EDITING,War of the Worlds,no
2005,SOUND MIXING,The Chronicles of Narnia: The Lion; the Witch and ,no
2005,SOUND MIXING,King Kong,yes
2005,SOUND MIXING,Memoirs of a Geisha,no
2005,SOUND MIXING,Walk the Line,no
2005,SOUND MIXING,War of the Worlds,no
2006,ACTOR IN A LEADING ROLE,Blood Diamond ,no
2006,ACTOR IN A LEADING ROLE,Half Nelson ,no
2006,ACTOR IN A LEADING ROLE,Venus ,no
2006,ACTOR IN A LEADING ROLE,The Pursuit of Happyness ,no
2006,ACTOR IN A LEADING ROLE,The Last King of Scotland ,yes
2006,ACTOR IN A SUPPORTING ROLE,Little Miss Sunshine ,yes
2006,ACTOR IN A SUPPORTING ROLE,Little Children ,no
2006,ACTOR IN A SUPPORTING ROLE,Blood Diamond ,no
2006,ACTOR IN A SUPPORTING ROLE,Dreamgirls ,no
2006,ACTOR IN A SUPPORTING ROLE,The Departed ,no
2006,ACTRESS IN A LEADING ROLE,Volver ,no
2006,ACTRESS IN A LEADING ROLE,Notes on a Scandal ,no
2006,ACTRESS IN A LEADING ROLE,The Queen ,yes
2006,ACTRESS IN A LEADING ROLE,The Devil Wears Prada ,no
2006,ACTRESS IN A LEADING ROLE,Little Children ,no
2006,ACTRESS IN A SUPPORTING ROLE,Babel ,no
2006,ACTRESS IN A SUPPORTING ROLE,Notes on a Scandal ,no
2006,ACTRESS IN A SUPPORTING ROLE,Little Miss Sunshine ,no
2006,ACTRESS IN A SUPPORTING ROLE,Dreamgirls ,yes
2006,ACTRESS IN A SUPPORTING ROLE,Babel ,no
2006,CINEMATOGRAPHY,The Black Dahlia,no
2006,CINEMATOGRAPHY,Children of Men,no
2006,CINEMATOGRAPHY,The Illusionist,no
2006,CINEMATOGRAPHY,Pan's Labyrinth,yes
2006,CINEMATOGRAPHY,The Prestige,no
2006,COSTUME DESIGN,Curse of the Golden Flower,no
2006,COSTUME DESIGN,The Devil Wears Prada,no
2006,COSTUME DESIGN,Dreamgirls,no
2006,COSTUME DESIGN,Marie Antoinette,yes
2006,COSTUME DESIGN,The Queen,no
2006,DIRECTING,Babel,no
2006,DIRECTING,The Departed,yes
2006,DIRECTING,Letters from Iwo Jima,no
2006,DIRECTING,The Queen,no
2006,DIRECTING,United 93,no
2006,FILM EDITING,Babel,no
2006,FILM EDITING,Blood Diamond,no
2006,FILM EDITING,Children of Men,no
2006,FILM EDITING,The Departed,yes
2006,FILM EDITING,United 93,no
2006,BEST PICTURE,Babel,no
2006,BEST PICTURE,The Departed,yes
2006,BEST PICTURE,Letters from Iwo Jima,no
2006,BEST PICTURE,Little Miss Sunshine,no
2006,BEST PICTURE,The Queen,no
2006,SOUND EDITING,Apocalypto,no
2006,SOUND EDITING,Blood Diamond,no
2006,SOUND EDITING,Flags of Our Fathers,no
2006,SOUND EDITING,Letters from Iwo Jima,yes
2006,SOUND EDITING,Pirates of the Caribbean: Dead Man's Chest,no
2006,SOUND MIXING,Apocalypto,no
2006,SOUND MIXING,Blood Diamond,no
2006,SOUND MIXING,Dreamgirls,yes
2006,SOUND MIXING,Flags of Our Fathers,no
2006,SOUND MIXING,Pirates of the Caribbean: Dead Man's Chest,no
2007,ACTOR IN A LEADING ROLE,Michael Clayton ,no
2007,ACTOR IN A LEADING ROLE,There Will Be Blood ,yes
2007,ACTOR IN A LEADING ROLE,Sweeney Todd The Demon Barber of Fleet Street ,no
2007,ACTOR IN A LEADING ROLE,In the Valley of Elah ,no
2007,ACTOR IN A LEADING ROLE,Eastern Promises ,no
2007,ACTOR IN A SUPPORTING ROLE,The Assassination of Jesse James by the Coward Rob,no
2007,ACTOR IN A SUPPORTING ROLE,No Country for Old Men ,yes
2007,ACTOR IN A SUPPORTING ROLE,Charlie Wilson's War ,no
2007,ACTOR IN A SUPPORTING ROLE,Into the Wild ,no
2007,ACTOR IN A SUPPORTING ROLE,Michael Clayton ,no
2007,ACTRESS IN A LEADING ROLE,Elizabeth: The Golden Age ,no
2007,ACTRESS IN A LEADING ROLE,Away from Her ,no
2007,ACTRESS IN A LEADING ROLE,La Vie en Rose ,yes
2007,ACTRESS IN A LEADING ROLE,The Savages ,no
2007,ACTRESS IN A LEADING ROLE,Juno ,no
2007,ACTRESS IN A SUPPORTING ROLE,I'm Not There ,no
2007,ACTRESS IN A SUPPORTING ROLE,American Gangster ,no
2007,ACTRESS IN A SUPPORTING ROLE,Atonement ,no
2007,ACTRESS IN A SUPPORTING ROLE,Gone Baby Gone ,no
2007,ACTRESS IN A SUPPORTING ROLE,Michael Clayton ,yes
2007,CINEMATOGRAPHY,The Assassination of Jesse James by the Coward Rob,no
2007,CINEMATOGRAPHY,Atonement,no
2007,CINEMATOGRAPHY,The Diving Bell and the Butterfly,no
2007,CINEMATOGRAPHY,No Country for Old Men,no
2007,CINEMATOGRAPHY,There Will Be Blood,yes
2007,COSTUME DESIGN,Across the Universe,no
2007,COSTUME DESIGN,Atonement,no
2007,COSTUME DESIGN,Elizabeth: The Golden Age,yes
2007,COSTUME DESIGN,La Vie en Rose,no
2007,COSTUME DESIGN,Sweeney Todd The Demon Barber of Fleet Street,no
2007,DIRECTING,The Diving Bell and the Butterfly,no
2007,DIRECTING,Juno,no
2007,DIRECTING,Michael Clayton,no
2007,DIRECTING,No Country for Old Men,yes
2007,DIRECTING,There Will Be Blood,no
2007,FILM EDITING,The Bourne Ultimatum,yes
2007,FILM EDITING,The Diving Bell and the Butterfly,no
2007,FILM EDITING,Into the Wild,no
2007,FILM EDITING,No Country for Old Men,no
2007,FILM EDITING,There Will Be Blood,no
2007,BEST PICTURE,Atonement,no
2007,BEST PICTURE,Juno,no
2007,BEST PICTURE,Michael Clayton,no
2007,BEST PICTURE,No Country for Old Men,yes
2007,BEST PICTURE,There Will Be Blood,no
2007,SOUND EDITING,The Bourne Ultimatum,yes
2007,SOUND EDITING,No Country for Old Men,no
2007,SOUND EDITING,Ratatouille,no
2007,SOUND EDITING,There Will Be Blood,no
2007,SOUND EDITING,Transformers,no
2007,SOUND MIXING,The Bourne Ultimatum,yes
2007,SOUND MIXING,No Country for Old Men,no
2007,SOUND MIXING,Ratatouille,no
2007,SOUND MIXING,3:10 to Yuma,no
2007,SOUND MIXING,Transformers,no
2008,ACTOR IN A LEADING ROLE,The Visitor ,no
2008,ACTOR IN A LEADING ROLE,Frost/Nixon ,no
2008,ACTOR IN A LEADING ROLE,Milk ,yes
2008,ACTOR IN A LEADING ROLE,The Curious Case of Benjamin Button ,no
2008,ACTOR IN A LEADING ROLE,The Wrestler ,no
2008,ACTOR IN A SUPPORTING ROLE,Milk ,no
2008,ACTOR IN A SUPPORTING ROLE,Tropic Thunder ,no
2008,ACTOR IN A SUPPORTING ROLE,Doubt ,no
2008,ACTOR IN A SUPPORTING ROLE,The Dark Knight ,yes
2008,ACTOR IN A SUPPORTING ROLE,Revolutionary Road ,no
2008,ACTRESS IN A LEADING ROLE,Rachel Getting Married ,no
2008,ACTRESS IN A LEADING ROLE,Changeling ,no
2008,ACTRESS IN A LEADING ROLE,Frozen River ,no
2008,ACTRESS IN A LEADING ROLE,Doubt ,no
2008,ACTRESS IN A LEADING ROLE,The Reader ,yes
2008,ACTRESS IN A SUPPORTING ROLE,Doubt ,no
2008,ACTRESS IN A SUPPORTING ROLE,Vicky Cristina Barcelona ,yes
2008,ACTRESS IN A SUPPORTING ROLE,Doubt ,no
2008,ACTRESS IN A SUPPORTING ROLE,The Curious Case of Benjamin Button ,no
2008,ACTRESS IN A SUPPORTING ROLE,The Wrestler ,no
2008,CINEMATOGRAPHY,Changeling,no
2008,CINEMATOGRAPHY,The Curious Case of Benjamin Button,no
2008,CINEMATOGRAPHY,The Dark Knight,no
2008,CINEMATOGRAPHY,The Reader,no
2008,CINEMATOGRAPHY,Slumdog Millionaire,yes
2008,COSTUME DESIGN,Australia,no
2008,COSTUME DESIGN,The Curious Case of Benjamin Button,no
2008,COSTUME DESIGN,The Duchess,yes
2008,COSTUME DESIGN,Milk,no
2008,COSTUME DESIGN,Revolutionary Road,no
2008,DIRECTING,The Curious Case of Benjamin Button,no
2008,DIRECTING,Frost/Nixon,no
2008,DIRECTING,Milk,no
2008,DIRECTING,The Reader,no
2008,DIRECTING,Slumdog Millionaire,yes
2008,FILM EDITING,The Curious Case of Benjamin Button,no
2008,FILM EDITING,The Dark Knight,no
2008,FILM EDITING,Frost/Nixon,no
2008,FILM EDITING,Milk,no
2008,FILM EDITING,Slumdog Millionaire,yes
2008,BEST PICTURE,The Curious Case of Benjamin Button,no
2008,BEST PICTURE,Frost/Nixon,no
2008,BEST PICTURE,Milk,no
2008,BEST PICTURE,The Reader,no
2008,BEST PICTURE,Slumdog Millionaire,yes
2008,SOUND EDITING,The Dark Knight,yes
2008,SOUND EDITING,Iron Man,no
2008,SOUND EDITING,Slumdog Millionaire,no
2008,SOUND MIXING,The Curious Case of Benjamin Button,no
2008,SOUND MIXING,The Dark Knight,no
2008,SOUND MIXING,Slumdog Millionaire,yes
2009,ACTOR IN A LEADING ROLE,Crazy Heart ,yes
2009,ACTOR IN A LEADING ROLE,Up in the Air ,no
2009,ACTOR IN A LEADING ROLE,A Single Man ,no
2009,ACTOR IN A LEADING ROLE,Invictus ,no
2009,ACTOR IN A LEADING ROLE,The Hurt Locker ,no
2009,ACTOR IN A SUPPORTING ROLE,Invictus ,no
2009,ACTOR IN A SUPPORTING ROLE,The Messenger ,no
2009,ACTOR IN A SUPPORTING ROLE,The Last Station ,no
2009,ACTOR IN A SUPPORTING ROLE,The Lovely Bones ,no
2009,ACTOR IN A SUPPORTING ROLE,Inglourious Basterds ,yes
2009,ACTRESS IN A LEADING ROLE,The Blind Side ,yes
2009,ACTRESS IN A LEADING ROLE,The Last Station ,no
2009,ACTRESS IN A LEADING ROLE,An Education ,no
2009,ACTRESS IN A LEADING ROLE,Precious: Based on the Novel 'Push' by Sapphire ,no
2009,ACTRESS IN A LEADING ROLE,Julie & Julia ,no
2009,ACTRESS IN A SUPPORTING ROLE,Nine ,no
2009,ACTRESS IN A SUPPORTING ROLE,Up in the Air ,no
2009,ACTRESS IN A SUPPORTING ROLE,Crazy Heart ,no
2009,ACTRESS IN A SUPPORTING ROLE,Up in the Air ,no
2009,ACTRESS IN A SUPPORTING ROLE,Precious: Based on the Novel 'Push' by Sapphire ,yes
2009,CINEMATOGRAPHY,Avatar,yes
2009,CINEMATOGRAPHY,Harry Potter and the Half-Blood Prince,no
2009,CINEMATOGRAPHY,The Hurt Locker,no
2009,CINEMATOGRAPHY,Inglourious Basterds,no
2009,CINEMATOGRAPHY,The White Ribbon,no
2009,COSTUME DESIGN,Bright Star,no
2009,COSTUME DESIGN,Coco before Chanel,no
2009,COSTUME DESIGN,The Imaginarium of Doctor Parnassus,no
2009,COSTUME DESIGN,Nine,no
2009,COSTUME DESIGN,The Young Victoria,yes
2009,DIRECTING,Avatar,no
2009,DIRECTING,The Hurt Locker,yes
2009,DIRECTING,Inglourious Basterds,no
2009,DIRECTING,Precious: Based on the Novel 'Push' by Sapphire,no
2009,DIRECTING,Up in the Air,no
2009,FILM EDITING,Avatar,no
2009,FILM EDITING,District 9,no
2009,FILM EDITING,The Hurt Locker,yes
2009,FILM EDITING,Inglourious Basterds,no
2009,FILM EDITING,Precious: Based on the Novel 'Push' by Sapphire,no
2009,BEST PICTURE,Avatar,no
2009,BEST PICTURE,The Blind Side,no
2009,BEST PICTURE,District 9,no
2009,BEST PICTURE,An Education,no
2009,BEST PICTURE,The Hurt Locker,yes
2009,BEST PICTURE,Inglourious Basterds,no
2009,BEST PICTURE,Precious: Based on the Novel 'Push' by Sapphire,no
2009,BEST PICTURE,A Serious Man,no
2009,BEST PICTURE,Up,no
2009,BEST PICTURE,Up in the Air,no
2009,SOUND EDITING,Avatar,no
2009,SOUND EDITING,The Hurt Locker,yes
2009,SOUND EDITING,Inglourious Basterds,no
2009,SOUND EDITING,Star Trek,no
2009,SOUND EDITING,Up,no
2009,SOUND MIXING,Avatar,no
2009,SOUND MIXING,The Hurt Locker,yes
2009,SOUND MIXING,Inglourious Basterds,no
2009,SOUND MIXING,Star Trek,no
2009,SOUND MIXING,Transformers: Revenge of the Fallen,no
2010,ACTOR IN A LEADING ROLE,Biutiful ,no
2010,ACTOR IN A LEADING ROLE,True Grit ,no
2010,ACTOR IN A LEADING ROLE,The Social Network ,no
2010,ACTOR IN A LEADING ROLE,The King's Speech ,yes
2010,ACTOR IN A LEADING ROLE,127 Hours ,no
2010,ACTOR IN A SUPPORTING ROLE,The Fighter ,yes
2010,ACTOR IN A SUPPORTING ROLE,Winter's Bone ,no
2010,ACTOR IN A SUPPORTING ROLE,The Town ,no
2010,ACTOR IN A SUPPORTING ROLE,The Kids Are All Right ,no
2010,ACTOR IN A SUPPORTING ROLE,The King's Speech ,no
2010,ACTRESS IN A LEADING ROLE,The Kids Are All Right ,no
2010,ACTRESS IN A LEADING ROLE,Rabbit Hole ,no
2010,ACTRESS IN A LEADING ROLE,Winter's Bone ,no
2010,ACTRESS IN A LEADING ROLE,Black Swan ,yes
2010,ACTRESS IN A LEADING ROLE,Blue Valentine ,no
2010,ACTRESS IN A SUPPORTING ROLE,The Fighter ,no
2010,ACTRESS IN A SUPPORTING ROLE,The King's Speech ,no
2010,ACTRESS IN A SUPPORTING ROLE,The Fighter ,yes
2010,ACTRESS IN A SUPPORTING ROLE,True Grit ,no
2010,ACTRESS IN A SUPPORTING ROLE,Animal Kingdom ,no
2010,CINEMATOGRAPHY,Black Swan,no
2010,CINEMATOGRAPHY,Inception,yes
2010,CINEMATOGRAPHY,The King's Speech,no
2010,CINEMATOGRAPHY,The Social Network,no
2010,CINEMATOGRAPHY,True Grit,no
2010,COSTUME DESIGN,Alice in Wonderland,yes
2010,COSTUME DESIGN,I Am Love,no
2010,COSTUME DESIGN,The King's Speech,no
2010,COSTUME DESIGN,The Tempest,no
2010,COSTUME DESIGN,True Grit,no
2010,DIRECTING,Black Swan,no
2010,DIRECTING,The Fighter,no
2010,DIRECTING,The King's Speech,yes
2010,DIRECTING,The Social Network,no
2010,DIRECTING,True Grit,no
2010,FILM EDITING,Black Swan,no
2010,FILM EDITING,The Fighter,no
2010,FILM EDITING,The King's Speech,no
2010,FILM EDITING,127 Hours,no
2010,FILM EDITING,The Social Network,yes
2010,BEST PICTURE,Black Swan,no
2010,BEST PICTURE,The Fighter,no
2010,BEST PICTURE,Inception,no
2010,BEST PICTURE,The Kids Are All Right,no
2010,BEST PICTURE,The King's Speech,yes
2010,BEST PICTURE,127 Hours,no
2010,BEST PICTURE,The Social Network,no
2010,BEST PICTURE,Toy Story 3,no
2010,BEST PICTURE,True Grit,no
2010,BEST PICTURE,Winter's Bone,no
2010,SOUND EDITING,Inception,yes
2010,SOUND EDITING,Toy Story 3,no
2010,SOUND EDITING,Tron: Legacy,no
2010,SOUND EDITING,True Grit,no
2010,SOUND EDITING,Unstoppable,no
2010,SOUND MIXING,Inception,yes
2010,SOUND MIXING,The King's Speech,no
2010,SOUND MIXING,Salt,no
2010,SOUND MIXING,The Social Network,no
2010,SOUND MIXING,True Grit,no
2011,ACTOR IN A LEADING ROLE,A Better Life ,no
2011,ACTOR IN A LEADING ROLE,The Descendants ,no
2011,ACTOR IN A LEADING ROLE,The Artist ,yes
2011,ACTOR IN A LEADING ROLE,Tinker Tailor Soldier Spy ,no
2011,ACTOR IN A LEADING ROLE,Moneyball ,no
2011,ACTOR IN A SUPPORTING ROLE,My Week with Marilyn ,no
2011,ACTOR IN A SUPPORTING ROLE,Moneyball ,no
2011,ACTOR IN A SUPPORTING ROLE,Warrior ,no
2011,ACTOR IN A SUPPORTING ROLE,Beginners ,yes
2011,ACTOR IN A SUPPORTING ROLE,Extremely Loud & Incredibly Close ,no
2011,ACTRESS IN A LEADING ROLE,Albert Nobbs ,no
2011,ACTRESS IN A LEADING ROLE,The Help ,no
2011,ACTRESS IN A LEADING ROLE,The Girl with the Dragon Tattoo ,no
2011,ACTRESS IN A LEADING ROLE,The Iron Lady ,yes
2011,ACTRESS IN A LEADING ROLE,My Week with Marilyn ,no
2011,ACTRESS IN A SUPPORTING ROLE,The Artist ,no
2011,ACTRESS IN A SUPPORTING ROLE,The Help ,no
2011,ACTRESS IN A SUPPORTING ROLE,Bridesmaids ,no
2011,ACTRESS IN A SUPPORTING ROLE,Albert Nobbs ,no
2011,ACTRESS IN A SUPPORTING ROLE,The Help ,yes
2011,CINEMATOGRAPHY,The Artist,no
2011,CINEMATOGRAPHY,The Girl with the Dragon Tattoo,no
2011,CINEMATOGRAPHY,Hugo,yes
2011,CINEMATOGRAPHY,The Tree of Life,no
2011,CINEMATOGRAPHY,War Horse,no
2011,COSTUME DESIGN,Anonymous,no
2011,COSTUME DESIGN,The Artist,yes
2011,COSTUME DESIGN,Hugo,no
2011,COSTUME DESIGN,Jane Eyre,no
2011,COSTUME DESIGN,W.E.,no
2011,DIRECTING,The Artist,yes
2011,DIRECTING,The Descendants,no
2011,DIRECTING,Hugo,no
2011,DIRECTING,Midnight in Paris,no
2011,DIRECTING,The Tree of Life,no
2011,FILM EDITING,The Artist,no
2011,FILM EDITING,The Descendants,no
2011,FILM EDITING,The Girl with the Dragon Tattoo,yes
2011,FILM EDITING,Hugo,no
2011,FILM EDITING,Moneyball,no
2011,BEST PICTURE,The Artist,yes
2011,BEST PICTURE,The Descendants,no
2011,BEST PICTURE,Extremely Loud & Incredibly Close,no
2011,BEST PICTURE,The Help,no
2011,BEST PICTURE,Hugo,no
2011,BEST PICTURE,Midnight in Paris,no
2011,BEST PICTURE,Moneyball,no
2011,BEST PICTURE,The Tree of Life,no
2011,BEST PICTURE,War Horse,no
2011,SOUND EDITING,Drive,no
2011,SOUND EDITING,The Girl with the Dragon Tattoo,no
2011,SOUND EDITING,Hugo,yes
2011,SOUND EDITING,Transformers: Dark of the Moon,no
2011,SOUND EDITING,War Horse,no
2011,SOUND MIXING,The Girl with the Dragon Tattoo,no
2011,SOUND MIXING,Hugo,yes
2011,SOUND MIXING,Moneyball,no
2011,SOUND MIXING,Transformers: Dark of the Moon,no
2011,SOUND MIXING,War Horse,no
2012,ACTOR IN A LEADING ROLE,Silver Linings Playbook ,no
2012,ACTOR IN A LEADING ROLE,Lincoln ,yes
2012,ACTOR IN A LEADING ROLE,Les Mis?rables ,no
2012,ACTOR IN A LEADING ROLE,The Master ,no
2012,ACTOR IN A LEADING ROLE,Flight ,no
2012,ACTOR IN A SUPPORTING ROLE,Argo ,no
2012,ACTOR IN A SUPPORTING ROLE,Silver Linings Playbook ,no
2012,ACTOR IN A SUPPORTING ROLE,The Master ,no
2012,ACTOR IN A SUPPORTING ROLE,Lincoln ,no
2012,ACTOR IN A SUPPORTING ROLE,Django Unchained ,yes
2012,ACTRESS IN A LEADING ROLE,Zero Dark Thirty ,no
2012,ACTRESS IN A LEADING ROLE,Silver Linings Playbook ,yes
2012,ACTRESS IN A LEADING ROLE,Amour ,no
2012,ACTRESS IN A LEADING ROLE,Beasts of the Southern Wild ,no
2012,ACTRESS IN A LEADING ROLE,The Impossible ,no
2012,ACTRESS IN A SUPPORTING ROLE,The Master ,no
2012,ACTRESS IN A SUPPORTING ROLE,Lincoln ,no
2012,ACTRESS IN A SUPPORTING ROLE,Les Mis?rables ,yes
2012,ACTRESS IN A SUPPORTING ROLE,The Sessions ,no
2012,ACTRESS IN A SUPPORTING ROLE,Silver Linings Playbook ,no
2012,CINEMATOGRAPHY,Anna Karenina,no
2012,CINEMATOGRAPHY,Django Unchained,no
2012,CINEMATOGRAPHY,Life of Pi,yes
2012,CINEMATOGRAPHY,Lincoln,no
2012,CINEMATOGRAPHY,Skyfall,no
2012,COSTUME DESIGN,Anna Karenina,yes
2012,COSTUME DESIGN,Les Mis?rables,no
2012,COSTUME DESIGN,Lincoln,no
2012,COSTUME DESIGN,Mirror Mirror,no
2012,COSTUME DESIGN,Snow White and the Huntsman,no
2012,DIRECTING,Amour,no
2012,DIRECTING,Beasts of the Southern Wild,no
2012,DIRECTING,Life of Pi,yes
2012,DIRECTING,Lincoln,no
2012,DIRECTING,Silver Linings Playbook,no
2012,FILM EDITING,Argo,yes
2012,FILM EDITING,Life of Pi,no
2012,FILM EDITING,Lincoln,no
2012,FILM EDITING,Silver Linings Playbook,no
2012,FILM EDITING,Zero Dark Thirty,no
2012,BEST PICTURE,Amour,no
2012,BEST PICTURE,Argo,yes
2012,BEST PICTURE,Beasts of the Southern Wild,no
2012,BEST PICTURE,Django Unchained,no
2012,BEST PICTURE,Les Mis?rables,no
2012,BEST PICTURE,Life of Pi,no
2012,BEST PICTURE,Lincoln,no
2012,BEST PICTURE,Silver Linings Playbook,no
2012,BEST PICTURE,Zero Dark Thirty,no
2012,SOUND EDITING,Argo,no
2012,SOUND EDITING,Django Unchained,no
2012,SOUND EDITING,Life of Pi,no
2012,SOUND EDITING,Skyfall,yes
2012,SOUND EDITING,NA,no
2012,SOUND EDITING,Zero Dark Thirty,yes
2012,SOUND EDITING,NA,no
2012,SOUND MIXING,Argo,no
2012,SOUND MIXING,Les Mis?rables,yes
2012,SOUND MIXING,Life of Pi,no
2012,SOUND MIXING,Lincoln,no
2012,SOUND MIXING,Skyfall,no
2013,ACTOR IN A LEADING ROLE,American Hustle ,no
2013,ACTOR IN A LEADING ROLE,Nebraska ,no
2013,ACTOR IN A LEADING ROLE,The Wolf of Wall Street ,no
2013,ACTOR IN A LEADING ROLE,12 Years a Slave ,no
2013,ACTOR IN A LEADING ROLE,Dallas Buyers Club ,yes
2013,ACTOR IN A SUPPORTING ROLE,Captain Phillips ,no
2013,ACTOR IN A SUPPORTING ROLE,American Hustle ,no
2013,ACTOR IN A SUPPORTING ROLE,12 Years a Slave ,no
2013,ACTOR IN A SUPPORTING ROLE,The Wolf of Wall Street ,no
2013,ACTOR IN A SUPPORTING ROLE,Dallas Buyers Club ,yes
2013,ACTRESS IN A LEADING ROLE,American Hustle ,no
2013,ACTRESS IN A LEADING ROLE,Blue Jasmine ,yes
2013,ACTRESS IN A LEADING ROLE,Gravity ,no
2013,ACTRESS IN A LEADING ROLE,Philomena ,no
2013,ACTRESS IN A LEADING ROLE,August: Osage County ,no
2013,ACTRESS IN A SUPPORTING ROLE,Blue Jasmine ,no
2013,ACTRESS IN A SUPPORTING ROLE,American Hustle ,no
2013,ACTRESS IN A SUPPORTING ROLE,12 Years a Slave ,yes
2013,ACTRESS IN A SUPPORTING ROLE,August: Osage County ,no
2013,ACTRESS IN A SUPPORTING ROLE,Nebraska ,no
2013,CINEMATOGRAPHY,The Grandmaster,no
2013,CINEMATOGRAPHY,Gravity,yes
2013,CINEMATOGRAPHY,Inside Llewyn Davis,no
2013,CINEMATOGRAPHY,Nebraska,no
2013,CINEMATOGRAPHY,Prisoners,no
2013,COSTUME DESIGN,American Hustle,no
2013,COSTUME DESIGN,The Grandmaster,no
2013,COSTUME DESIGN,The Great Gatsby,yes
2013,COSTUME DESIGN,The Invisible Woman,no
2013,COSTUME DESIGN,12 Years a Slave,no
2013,DIRECTING,American Hustle,no
2013,DIRECTING,Gravity,yes
2013,DIRECTING,Nebraska,no
2013,DIRECTING,12 Years a Slave,no
2013,DIRECTING,The Wolf of Wall Street,no
2013,FILM EDITING,American Hustle,no
2013,FILM EDITING,Captain Phillips,no
2013,FILM EDITING,Dallas Buyers Club,no
2013,FILM EDITING,Gravity,yes
2013,FILM EDITING,12 Years a Slave,no
2013,BEST PICTURE,American Hustle,no
2013,BEST PICTURE,Captain Phillips,no
2013,BEST PICTURE,Dallas Buyers Club,no
2013,BEST PICTURE,Gravity,no
2013,BEST PICTURE,Her,no
2013,BEST PICTURE,Nebraska,no
2013,BEST PICTURE,Philomena,no
2013,BEST PICTURE,12 Years a Slave,yes
2013,BEST PICTURE,The Wolf of Wall Street,no
2013,SOUND EDITING,All Is Lost,no
2013,SOUND EDITING,Captain Phillips,no
2013,SOUND EDITING,Gravity,yes
2013,SOUND EDITING,The Hobbit: The Desolation of Smaug,no
2013,SOUND EDITING,Lone Survivor,no
2013,SOUND MIXING,Captain Phillips,no
2013,SOUND MIXING,Gravity,yes
2013,SOUND MIXING,The Hobbit: The Desolation of Smaug,no
2013,SOUND MIXING,Inside Llewyn Davis,no
2013,SOUND MIXING,Lone Survivor,no
2014,ACTOR IN A LEADING ROLE,Foxcatcher ,no
2014,ACTOR IN A LEADING ROLE,American Sniper ,no
2014,ACTOR IN A LEADING ROLE,The Imitation Game ,no
2014,ACTOR IN A LEADING ROLE,Birdman or (The Unexpected Virtue of Ignorance) ,no
2014,ACTOR IN A LEADING ROLE,The Theory of Everything ,yes
2014,ACTOR IN A SUPPORTING ROLE,The Judge ,no
2014,ACTOR IN A SUPPORTING ROLE,Boyhood ,no
2014,ACTOR IN A SUPPORTING ROLE,Birdman or (The Unexpected Virtue of Ignorance) ,no
2014,ACTOR IN A SUPPORTING ROLE,Foxcatcher ,no
2014,ACTOR IN A SUPPORTING ROLE,Whiplash ,yes
2014,ACTRESS IN A LEADING ROLE,Two Days; One Night ,no
2014,ACTRESS IN A LEADING ROLE,The Theory of Everything ,no
2014,ACTRESS IN A LEADING ROLE,Still Alice ,yes
2014,ACTRESS IN A LEADING ROLE,Gone Girl ,no
2014,ACTRESS IN A LEADING ROLE,Wild ,no
2014,ACTRESS IN A SUPPORTING ROLE,Boyhood ,yes
2014,ACTRESS IN A SUPPORTING ROLE,Wild ,no
2014,ACTRESS IN A SUPPORTING ROLE,The Imitation Game ,no
2014,ACTRESS IN A SUPPORTING ROLE,Birdman or (The Unexpected Virtue of Ignorance) ,no
2014,ACTRESS IN A SUPPORTING ROLE,Into the Woods ,no
2014,CINEMATOGRAPHY,Birdman or (The Unexpected Virtue of Ignorance),yes
2014,CINEMATOGRAPHY,The Grand Budapest Hotel,no
2014,CINEMATOGRAPHY,Ida,no
2014,CINEMATOGRAPHY,Mr. Turner,no
2014,CINEMATOGRAPHY,Unbroken,no
2014,COSTUME DESIGN,The Grand Budapest Hotel,yes
2014,COSTUME DESIGN,Inherent Vice,no
2014,COSTUME DESIGN,Into the Woods,no
2014,COSTUME DESIGN,Maleficent,no
2014,COSTUME DESIGN,Mr. Turner,no
2014,DIRECTING,Birdman or (The Unexpected Virtue of Ignorance),yes
2014,DIRECTING,Boyhood,no
2014,DIRECTING,Foxcatcher,no
2014,DIRECTING,The Grand Budapest Hotel,no
2014,DIRECTING,The Imitation Game,no
2014,FILM EDITING,American Sniper,no
2014,FILM EDITING,Boyhood,no
2014,FILM EDITING,The Grand Budapest Hotel,no
2014,FILM EDITING,The Imitation Game,no
2014,FILM EDITING,Whiplash,yes
2014,BEST PICTURE,American Sniper,no
2014,BEST PICTURE,Birdman or (The Unexpected Virtue of Ignorance),yes
2014,BEST PICTURE,Boyhood,no
2014,BEST PICTURE,The Grand Budapest Hotel,no
2014,BEST PICTURE,The Imitation Game,no
2014,BEST PICTURE,Selma,no
2014,BEST PICTURE,The Theory of Everything,no
2014,BEST PICTURE,Whiplash,no
2014,SOUND EDITING,American Sniper,yes
2014,SOUND EDITING,Birdman or (The Unexpected Virtue of Ignorance),no
2014,SOUND EDITING,The Hobbit: The Battle of the Five Armies,no
2014,SOUND EDITING,Interstellar,no
2014,SOUND EDITING,Unbroken,no
2014,SOUND MIXING,American Sniper,no
2014,SOUND MIXING,Birdman or (The Unexpected Virtue of Ignorance),no
2014,SOUND MIXING,Interstellar,no
2014,SOUND MIXING,Unbroken,no
2014,SOUND MIXING,Whiplash,yes
